year,julian_day,month,nb_calls,nb_recording_hrs
2002,1,1,53,2.3
2002,2,1,849,15.7
2002,3,1,835,24
2002,4,1,1326,24
2002,5,1,1458,24
2002,6,1,1186,24
2002,7,1,886,24
2002,8,1,1345,22.7
2002,9,1,851,22.4
2002,10,1,566,24
2002,11,1,8,20.9
2002,12,1,0,24
2002,13,1,1,24
2002,14,1,0,24
2002,15,1,73,18.9
2002,16,1,16,24
2002,17,1,62,24
2002,18,1,0,24
2002,19,1,117,24
2002,20,1,227,24
2002,21,1,98,24
2002,22,1,113,24
2002,23,1,2,24
2002,24,1,0,24
2002,25,1,0,24
2002,26,1,0,24
2002,27,1,16,24
2002,28,1,0,24
2002,29,1,1,24
2002,30,1,23,24
2002,31,1,22,24
2002,32,2,27,24
2002,33,2,0,24
2002,34,2,0,24
2002,35,2,0,24
2002,36,2,0,24
2002,37,2,0,24
2002,38,2,0,24
2002,39,2,0,24
2002,40,2,2,24
2002,41,2,0,24
2002,42,2,0,24
2002,43,2,6,24
2002,44,2,38,24
2002,45,2,0,24
2002,46,2,0,24
2002,47,2,0,24
2002,48,2,0,24
2002,49,2,0,24
2002,50,2,0,24
2002,51,2,12,24
2002,52,2,43,24
2002,53,2,0,24
2002,54,2,0,24
2002,55,2,0,24
2002,56,2,0,24
2002,57,2,52,24
2002,58,2,130,24
2002,59,2,1,24
2002,60,3,0,24
2002,61,3,0,24
2002,62,3,0,24
2002,63,3,0,24
2002,64,3,7,24
2002,65,3,0,24
2002,66,3,0,24
2002,67,3,0,24
2002,68,3,0,24
2002,69,3,0,24
2002,70,3,0,24
2002,71,3,0,24
2002,72,3,0,24
2002,73,3,0,24
2002,74,3,0,24
2002,75,3,1,23.8
2002,76,3,1,24
2002,77,3,0,24
2002,78,3,9,24
2002,79,3,1,24
2002,80,3,1,24
2002,81,3,10,24
2002,82,3,3,24
2002,83,3,3,24
2002,84,3,0,24
2002,85,3,0,24
2002,86,3,0,24
2002,87,3,0,24
2002,88,3,0,24
2002,89,3,0,24
2002,90,3,0,24
2002,91,4,0,24
2002,92,4,0,24
2002,93,4,0,24
2002,94,4,0,24
2002,95,4,0,24
2002,96,4,0,24
2002,97,4,0,24
2002,98,4,0,24
2002,99,4,0,24
2002,100,4,0,24
2002,101,4,0,24
2002,102,4,0,24
2002,103,4,0,24
2002,104,4,0,24
2002,105,4,0,24
2002,106,4,0,24
2002,107,4,0,24
2002,108,4,0,24
2002,109,4,0,24
2002,110,4,0,24
2002,111,4,0,24
2002,112,4,0,24
2002,113,4,0,24
2002,114,4,0,24
2002,115,4,0,24
2002,116,4,0,24
2002,117,4,0,24
2002,118,4,0,24
2002,119,4,0,24
2002,120,4,0,24
2002,121,5,0,24
2002,122,5,1,24
2002,123,5,0,24
2002,124,5,0,24
2002,125,5,0,24
2002,126,5,1,24
2002,127,5,0,24
2002,128,5,8,24
2002,129,5,0,24
2002,130,5,0,24
2002,131,5,0,24
2002,132,5,0,24
2002,133,5,0,24
2002,134,5,4,24
2002,135,5,2,24
2002,136,5,2,24
2002,137,5,12,24
2002,138,5,0,24
2002,139,5,0,24
2002,140,5,0,24
2002,141,5,0,24
2002,142,5,1,24
2002,143,5,0,24
2002,144,5,0,24
2002,145,5,0,24
2002,146,5,0,24
2002,147,5,0,24
2002,148,5,0,24
2002,149,5,1,24
2002,150,5,0,24
2002,151,5,0,24
2002,152,6,0,24
2002,153,6,0,24
2002,154,6,0,24
2002,155,6,0,24
2002,156,6,0,24
2002,157,6,0,24
2002,158,6,0,24
2002,159,6,0,24
2002,160,6,0,24
2002,161,6,0,24
2002,162,6,0,24
2002,163,6,0,24
2002,164,6,0,24
2002,165,6,0,24
2002,166,6,0,24
2002,167,6,0,24
2002,168,6,0,24
2002,169,6,0,24
2002,170,6,0,24
2002,171,6,1,24
2002,172,6,1,24
2002,173,6,0,24
2002,174,6,0,24
2002,175,6,22,24
2002,176,6,0,24
2002,177,6,0,24
2002,178,6,0,24
2002,179,6,139,24
2002,180,6,108,24
2002,181,6,115,24
2002,182,7,0,23.5
2002,183,7,0,24
2002,184,7,1,24
2002,185,7,0,24
2002,186,7,1,23.5
2002,187,7,0,24
2002,188,7,1,24
2002,189,7,0,23.7
2002,190,7,1,17.4
2002,191,7,0,24
2002,192,7,0,24
2002,193,7,0,24
2002,194,7,0,24
2002,195,7,0,24
2002,196,7,0,19.7
2002,197,7,0,11.7
2002,198,7,0,24
2002,199,7,0,24
2002,200,7,0,24
2002,201,7,0,24
2002,202,7,0,24
2002,203,7,0,22.3
2002,204,7,0,24
2002,205,7,0,24
2002,206,7,0,24
2002,207,7,0,24
2002,208,7,0,24
2002,209,7,0,24
2002,210,7,0,24
2002,211,7,0,24
2002,212,7,0,24
2002,213,8,0,24
2002,214,8,0,24
2002,215,8,0,24
2002,216,8,0,24
2002,217,8,0,24
2002,218,8,0,20.1
2002,219,8,0,19.5
2002,220,8,0,24
2002,221,8,0,24
2002,222,8,0,24
2002,223,8,0,24
2002,224,8,0,24
2002,225,8,0,24
2002,226,8,0,24
2002,227,8,0,24
2002,228,8,0,24
2002,229,8,0,23.9
2002,230,8,0,24
2002,231,8,0,24
2002,232,8,0,24
2002,233,8,0,24
2002,234,8,0,24
2002,235,8,0,24
2002,236,8,0,24
2002,237,8,0,20.3
2002,238,8,0,14.7
2002,239,8,0,24
2002,240,8,0,24
2002,241,8,2,24
2002,242,8,0,24
2002,243,8,0,24
2002,244,9,0,24
2002,245,9,8,24
2002,246,9,2,24
2002,247,9,58,24
2002,248,9,70,24
2002,249,9,63,24
2002,250,9,40,24
2002,251,9,160,24
2002,252,9,22,24
2002,253,9,11,24
2002,254,9,272,24
2002,255,9,248,24
2002,256,9,22,24
2002,257,9,6,24
2002,258,9,0,24
2002,259,9,0,24
2002,260,9,36,24
2002,261,9,228,24
2002,262,9,6,24
2002,263,9,8,24
2002,264,9,62,24
2002,265,9,27,24
2002,266,9,1,24
2002,267,9,0,24
2002,268,9,0,24
2002,269,9,0,8.2
2002,270,9,0,0
2002,271,9,0,0
2002,272,9,3,6.5
2002,273,9,44,24
2002,274,10,7,24
2002,275,10,7,24
2002,276,10,276,24
2002,277,10,234,24
2002,278,10,264,24
2002,279,10,3,24
2002,280,10,2,24
2002,281,10,0,24
2002,282,10,0,24
2002,283,10,0,24
2002,284,10,23,24
2002,285,10,0,24
2002,286,10,0,24
2002,287,10,4,24
2002,288,10,0,24
2002,289,10,72,24
2002,290,10,0,24
2002,291,10,0,24
2002,292,10,0,24
2002,293,10,13,24
2002,294,10,7,24
2002,295,10,141,24
2002,296,10,406,24
2002,297,10,39,24
2002,298,10,0,24
2002,299,10,0,24
2002,300,10,0,24
2002,301,10,0,24
2002,302,10,53,24
2002,303,10,149,24
2002,304,10,22,24
2002,305,11,1,24
2002,306,11,13,24
2002,307,11,0,24
2002,308,11,0,24
2002,309,11,0,24
2002,310,11,25,22.6
2002,311,11,268,24
2002,312,11,38,23.9
2002,313,11,0,23.6
2002,314,11,0,24
2002,315,11,0,24
2002,316,11,5,24
2002,317,11,112,24
2002,318,11,0,24
2002,319,11,0,24
2002,320,11,0,24
2002,321,11,0,24
2002,322,11,0,24
2002,323,11,66,24
2002,324,11,126,24
2002,325,11,189,24
2002,326,11,262,24
2002,327,11,207,24
2002,328,11,367,24
2002,329,11,121,24
2002,330,11,109,24
2002,331,11,0,24
2002,332,11,1,19.4
2002,333,11,29,24
2002,334,11,0,24
2002,335,12,2,24
2002,336,12,8,24
2002,337,12,3,24
2002,338,12,0,24
2002,339,12,0,24
2002,340,12,83,24
2002,341,12,6,24
2002,342,12,122,24
2002,343,12,93,23.8
2002,344,12,63,24
2002,345,12,11,24
2002,346,12,12,24
2002,347,12,7,24
2002,348,12,0,24
2002,349,12,278,24
2002,350,12,644,24
2002,351,12,1020,24
2002,352,12,1277,24
2002,353,12,1216,24
2002,354,12,1515,24
2002,355,12,1279,24
2002,356,12,898,24
2002,357,12,727,24
2002,358,12,475,24
2002,359,12,859,24
2002,360,12,610,24
2002,361,12,250,24
2002,362,12,341,24
2002,363,12,438,24
2002,364,12,249,24
2002,365,12,348,24
2003,1,1,199,24
2003,2,1,259,18.5
2003,3,1,150,24
2003,4,1,163,24
2003,5,1,3,24
2003,6,1,80,24
2003,7,1,254,24
2003,8,1,266,23.9
2003,9,1,204,24
2003,10,1,51,24
2003,11,1,72,21.8
2003,12,1,179,24
2003,13,1,278,24
2003,14,1,261,24
2003,15,1,260,24
2003,16,1,347,24
2003,17,1,839,24
2003,18,1,570,24
2003,19,1,497,24
2003,20,1,968,24
2003,21,1,465,23.6
2003,22,1,469,24
2003,23,1,105,24
2003,24,1,247,24
2003,25,1,16,24
2003,26,1,105,24
2003,27,1,350,24
2003,28,1,385,24
2003,29,1,6,24
2003,30,1,4,24
2003,31,1,57,24
2003,32,2,45,24
2003,33,2,0,24
2003,34,2,0,23
2003,35,2,0,24
2003,36,2,43,24
2003,37,2,5,24
2003,38,2,0,24
2003,39,2,0,14.1
2003,40,2,0,24
2003,41,2,0,24
2003,42,2,0,24
2003,43,2,0,24
2003,44,2,0,24
2003,45,2,0,24
2003,46,2,0,24
2003,47,2,83,24
2003,48,2,2,24
2003,49,2,0,24
2003,50,2,0,24
2003,51,2,0,24
2003,52,2,0,13.7
2003,53,2,0,20.8
2003,54,2,0,24
2003,55,2,0,24
2003,56,2,0,24
2003,57,2,0,24
2003,58,2,0,24
2003,59,2,0,24
2003,60,3,0,24
2003,61,3,0,24
2003,62,3,0,24
2003,63,3,1,24
2003,64,3,22,24
2003,65,3,0,24
2003,66,3,3,24
2003,67,3,0,24
2003,68,3,2,24
2003,69,3,10,24
2003,70,3,0,24
2003,71,3,0,24
2003,72,3,0,24
2003,73,3,0,24
2003,74,3,0,24
2003,75,3,0,24
2003,76,3,0,24
2003,77,3,0,24
2003,78,3,0,24
2003,79,3,0,24
2003,80,3,0,24
2003,81,3,0,24
2003,82,3,0,24
2003,83,3,0,24
2003,84,3,0,23.6
2003,85,3,0,24
2003,86,3,0,24
2003,87,3,0,23.9
2003,88,3,0,24
2003,89,3,0,24
2003,90,3,0,24
2003,91,4,0,24
2003,92,4,0,24
2003,93,4,0,24
2003,94,4,0,24
2003,95,4,0,24
2003,96,4,0,24
2003,97,4,0,24
2003,98,4,0,24
2003,99,4,0,24
2003,100,4,0,24
2003,101,4,0,24
2003,102,4,0,24
2003,103,4,0,24
2003,104,4,0,24
2003,105,4,0,24
2003,106,4,18,22.8
2003,107,4,0,24
2003,108,4,0,24
2003,109,4,0,24
2003,110,4,0,24
2003,111,4,0,24
2003,112,4,0,24
2003,113,4,0,24
2003,114,4,0,24
2003,115,4,0,24
2003,116,4,0,24
2003,117,4,7,24
2003,118,4,0,24
2003,119,4,0,24
2003,120,4,0,24
2003,121,5,0,24
2003,122,5,0,24
2003,123,5,0,24
2003,124,5,0,24
2003,125,5,0,24
2003,126,5,0,24
2003,127,5,0,24
2003,128,5,0,24
2003,129,5,0,24
2003,130,5,0,24
2003,131,5,0,24
2003,132,5,0,24
2003,133,5,0,24
2003,134,5,0,24
2003,135,5,0,24
2003,136,5,0,24
2003,137,5,0,24
2003,138,5,0,24
2003,139,5,0,24
2003,140,5,0,24
2003,141,5,0,24
2003,142,5,0,24
2003,143,5,0,24
2003,144,5,0,24
2003,145,5,0,24
2003,146,5,0,24
2003,147,5,0,24
2003,148,5,0,24
2003,149,5,0,24
2003,150,5,0,24
2003,151,5,0,24
2003,152,6,0,24
2003,153,6,0,24
2003,154,6,0,24
2003,155,6,0,24
2003,156,6,0,24
2003,157,6,0,24
2003,158,6,0,24
2003,159,6,0,24
2003,160,6,0,24
2003,161,6,0,24
2003,162,6,0,24
2003,163,6,0,24
2003,164,6,0,24
2003,165,6,0,24
2003,166,6,0,24
2003,167,6,0,24
2003,168,6,0,24
2003,169,6,6,12.1
2003,170,6,110,23.9
2003,171,6,226,24
2003,172,6,246,24
2003,173,6,67,24
2003,174,6,4,24
2003,175,6,0,24
2003,176,6,0,24
2003,177,6,2,24
2003,178,6,1,24
2003,179,6,0,23.9
2003,180,6,0,23.7
2003,181,6,0,24
2003,182,7,0,24
2003,183,7,64,22.3
2003,184,7,240,24
2003,185,7,0,24
2003,186,7,0,24
2003,187,7,0,24
2003,188,7,0,24
2003,189,7,0,24
2003,190,7,0,24
2003,191,7,0,24
2003,192,7,0,24
2003,193,7,0,24
2003,194,7,0,24
2003,195,7,0,24
2003,196,7,0,24
2003,197,7,0,24
2003,198,7,0,24
2003,199,7,0,24
2003,200,7,0,24
2003,201,7,0,24
2003,202,7,0,24
2003,203,7,0,24
2003,204,7,0,24
2003,205,7,0,24
2003,206,7,2,24
2003,207,7,0,24
2003,208,7,0,24
2003,209,7,0,24
2003,210,7,0,24
2003,211,7,0,24
2003,212,7,0,24
2003,213,8,0,24
2003,214,8,0,24
2003,215,8,0,24
2003,216,8,0,24
2003,217,8,0,24
2003,218,8,0,24
2003,219,8,0,24
2003,220,8,0,24
2003,221,8,38,24
2003,222,8,0,24
2003,223,8,0,24
2003,224,8,0,24
2003,225,8,0,24
2003,226,8,0,24
2003,227,8,22,24
2003,228,8,0,24
2003,229,8,0,24
2003,230,8,0,24
2003,231,8,0,24
2003,232,8,0,24
2003,233,8,0,24
2003,234,8,0,24
2003,235,8,0,24
2003,236,8,0,24
2003,237,8,0,24
2003,238,8,0,24
2003,239,8,0,24
2003,240,8,0,23.3
2003,241,8,0,24
2003,242,8,0,24
2003,243,8,0,24
2003,244,9,0,24
2003,245,9,1,24
2003,246,9,0,24
2003,247,9,0,24
2003,248,9,0,24
2003,249,9,0,24
2003,250,9,0,24
2003,251,9,0,24
2003,252,9,0,24
2003,253,9,0,24
2003,254,9,0,24
2003,255,9,29,24
2003,256,9,0,20.2
2003,257,9,0,23.6
2003,258,9,0,24
2003,259,9,0,24
2003,260,9,77,24
2003,261,9,0,24
2003,262,9,0,24
2003,263,9,0,17.2
2003,264,9,0,24
2003,265,9,0,24
2003,266,9,0,24
2003,267,9,0,24
2003,268,9,0,24
2003,269,9,0,24
2003,270,9,0,24
2003,271,9,0,24
2003,272,9,0,24
2003,273,9,0,24
2003,274,10,0,24
2003,275,10,0,24
2003,276,10,0,24
2003,277,10,0,24
2003,278,10,0,24
2003,279,10,0,24
2003,280,10,0,24
2003,281,10,0,24
2003,282,10,0,24
2003,283,10,0,24
2003,284,10,0,24
2003,285,10,0,24
2003,286,10,0,24
2003,287,10,0,24
2003,288,10,95,24
2003,289,10,0,24
2003,290,10,1,24
2003,291,10,0,24
2003,292,10,0,24
2003,293,10,0,24
2003,294,10,0,24
2003,295,10,0,24
2003,296,10,0,24
2003,297,10,0,24
2003,298,10,0,24
2003,299,10,0,24
2003,300,10,0,24
2003,301,10,10,24
2003,302,10,21,24
2003,303,10,0,24
2003,304,10,1,24
2003,305,11,34,24
2003,306,11,3,24
2003,307,11,4,24
2003,308,11,0,24
2003,309,11,0,24
2003,310,11,2,24
2003,311,11,135,13.7
2003,312,11,0,11.9
2003,313,11,7,24
2003,314,11,7,24
2003,315,11,69,24
2003,316,11,18,24
2003,317,11,52,24
2003,318,11,58,24
2003,319,11,70,24
2003,320,11,200,24
2003,321,11,50,24
2003,322,11,176,23.8
2003,323,11,21,23.9
2003,324,11,33,24
2003,325,11,37,23.9
2003,326,11,59,24
2003,327,11,112,23.9
2003,328,11,4,24
2003,329,11,13,24
2003,330,11,126,24
2003,331,11,130,24
2003,332,11,89,23.9
2003,333,11,23,23.5
2003,334,11,27,24
2003,335,12,15,24
2003,336,12,5,21.8
2003,337,12,3,24
2003,338,12,5,23.6
2003,339,12,279,24
2003,340,12,111,24
2003,341,12,27,24
2003,342,12,165,24
2003,343,12,309,24
2003,344,12,179,24
2003,345,12,586,24
2003,346,12,595,24
2003,347,12,451,24
2003,348,12,549,24
2003,349,12,623,24
2003,350,12,498,24
2003,351,12,576,24
2003,352,12,372,24
2003,353,12,130,24
2003,354,12,71,24
2003,355,12,58,24
2003,356,12,235,24
2003,357,12,466,24
2003,358,12,389,24
2003,359,12,324,24
2003,360,12,372,24
2003,361,12,6,24
2003,362,12,7,24
2003,363,12,267,23.7
2003,364,12,441,24
2003,365,12,579,24
2004,1,1,523,24
2004,2,1,559,24
2004,3,1,739,24
2004,4,1,791,24
2004,5,1,569,24
2004,6,1,625,24
2004,7,1,834,24
2004,8,1,648,23.4
2004,9,1,1097,23.9
2004,10,1,1101,24
2004,11,1,778,24
2004,12,1,1099,24
2004,13,1,521,24
2004,14,1,157,24
2004,15,1,290,24
2004,16,1,386,24
2004,17,1,478,24
2004,18,1,315,24
2004,19,1,311,24
2004,20,1,51,6.3
2004,21,1,0,0
2004,22,1,124,7.1
2004,23,1,492,17.2
2004,24,1,695,24
2004,25,1,571,24
2004,26,1,58,24
2004,27,1,184,24
2004,28,1,108,24
2004,29,1,152,24
2004,30,1,177,24
2004,31,1,0,24
2004,32,2,0,24
2004,33,2,0,24
2004,34,2,0,23.9
2004,35,2,0,24
2004,36,2,0,24
2004,37,2,0,24
2004,38,2,0,24
2004,39,2,0,24
2004,40,2,0,24
2004,41,2,0,24
2004,42,2,0,24
2004,43,2,33,24
2004,44,2,0,24
2004,45,2,0,24
2004,46,2,0,24
2004,47,2,0,24
2004,48,2,1,24
2004,49,2,22,24
2004,50,2,1,24
2004,51,2,6,24
2004,52,2,0,5.1
2004,53,2,0,15.4
2004,54,2,0,24
2004,55,2,0,24
2004,56,2,0,24
2004,57,2,0,24
2004,58,2,0,24
2004,59,2,0,24
2004,60,2,0,24
2004,61,3,0,24
2004,62,3,0,24
2004,63,3,0,24
2004,64,3,28,24
2004,65,3,0,24
2004,66,3,0,6
2004,67,3,0,8.3
2004,68,3,0,24
2004,69,3,16,24
2004,70,3,0,24
2004,71,3,0,24
2004,72,3,9,24
2004,73,3,72,24
2004,74,3,0,24
2004,75,3,0,24
2004,76,3,0,24
2004,77,3,0,24
2004,78,3,0,24
2004,79,3,0,24
2004,80,3,0,24
2004,81,3,0,24
2004,82,3,0,24
2004,83,3,0,24
2004,84,3,0,24
2004,85,3,0,24
2004,86,3,0,24
2004,87,3,0,24
2004,88,3,0,24
2004,89,3,0,24
2004,90,3,0,24
2004,91,3,0,24
2004,92,4,0,24
2004,93,4,5,24
2004,94,4,0,24
2004,95,4,21,24
2004,96,4,0,24
2004,97,4,1,24
2004,98,4,0,24
2004,99,4,0,24
2004,100,4,0,24
2004,101,4,0,24
2004,102,4,0,24
2004,103,4,0,24
2004,104,4,0,24
2004,105,4,0,24
2004,106,4,0,24
2004,107,4,0,24
2004,108,4,0,24
2004,109,4,0,24
2004,110,4,0,24
2004,111,4,0,24
2004,112,4,0,19.2
2004,113,4,0,23.3
2004,114,4,0,24
2004,115,4,0,24
2004,116,4,0,24
2004,117,4,0,24
2004,118,4,0,24
2004,119,4,0,24
2004,120,4,0,24
2004,121,4,0,24
2004,122,5,0,24
2004,123,5,0,24
2004,124,5,0,24
2004,125,5,0,24
2004,126,5,0,24
2004,127,5,0,23.9
2004,128,5,0,24
2004,129,5,0,24
2004,130,5,0,24
2004,131,5,0,24
2004,132,5,0,24
2004,133,5,0,24
2004,134,5,0,24
2004,135,5,0,24
2004,136,5,0,24
2004,137,5,0,24
2004,138,5,0,24.1
2004,139,5,0,24
2004,140,5,1,24
2004,141,5,0,24
2004,142,5,0,24
2004,143,5,0,24
2004,144,5,0,24
2004,145,5,0,24
2004,146,5,0,24
2004,147,5,0,24
2004,148,5,1,24
2004,149,5,0,24
2004,150,5,0,24
2004,151,5,0,24
2004,152,5,0,24
2004,153,6,0,24
2004,154,6,0,24
2004,155,6,0,24
2004,156,6,0,24
2004,157,6,0,24
2004,158,6,0,24
2004,159,6,0,24
2004,160,6,0,24
2004,161,6,0,24
2004,162,6,2,24
2004,163,6,0,24
2004,164,6,0,24
2004,165,6,0,24
2004,166,6,0,24
2004,167,6,0,24
2004,168,6,0,24
2004,169,6,0,23.8
2004,170,6,0,24
2004,171,6,0,24
2004,172,6,0,24
2004,173,6,0,24
2004,174,6,0,24
2004,175,6,0,24
2004,176,6,0,24
2004,177,6,0,24
2004,178,6,0,24
2004,179,6,0,24
2004,180,6,0,24
2004,181,6,0,24
2004,182,6,0,24
2004,183,7,0,24
2004,184,7,0,24
2004,185,7,0,24
2004,186,7,0,24
2004,187,7,0,24
2004,188,7,0,24
2004,189,7,0,24
2004,190,7,0,24
2004,191,7,0,3
2004,192,7,0,19.3
2004,193,7,0,7.8
2004,194,7,0,14
2004,195,7,0,24
2004,196,7,0,24
2004,197,7,1,3.9
2004,198,7,0,0
2004,199,7,0,0
2004,200,7,0,0
2004,201,7,0,0
2004,202,7,0,0
2004,203,7,0,0
2004,204,7,0,0
2004,205,7,0,0
2004,206,7,0,0
2004,207,7,0,0
2004,208,7,0,0
2004,209,7,0,0
2004,210,7,0,0
2004,211,7,0,0
2004,212,7,0,0
2004,213,7,0,0
2004,214,8,0,0
2004,215,8,0,0
2004,216,8,0,0
2004,217,8,0,0
2004,218,8,0,0
2004,219,8,0,0
2004,220,8,0,0
2004,221,8,0,0
2004,222,8,0,0
2004,223,8,0,0
2004,224,8,0,0
2004,225,8,0,0
2004,226,8,0,0
2004,227,8,0,0
2004,228,8,0,0
2004,229,8,0,0
2004,230,8,0,0
2004,231,8,0,0
2004,232,8,0,0
2004,233,8,0,0
2004,234,8,0,0
2004,235,8,0,0
2004,236,8,0,0
2004,237,8,0,0
2004,238,8,0,0
2004,239,8,0,0
2004,240,8,0,0
2004,241,8,0,0
2004,242,8,0,0
2004,243,8,0,0
2004,244,8,0,0
2004,245,9,0,0
2004,246,9,0,0
2004,247,9,0,0
2004,248,9,0,0
2004,249,9,0,0
2004,250,9,0,0
2004,251,9,0,0
2004,252,9,0,0
2004,253,9,0,0
2004,254,9,0,0
2004,255,9,0,0
2004,256,9,0,0
2004,257,9,0,0
2004,258,9,0,0
2004,259,9,0,0
2004,260,9,0,0
2004,261,9,0,0
2004,262,9,0,0
2004,263,9,0,13.7
2004,264,9,224,24
2004,265,9,418,24
2004,266,9,190,24
2004,267,9,0,24
2004,268,9,0,24
2004,269,9,0,24
2004,270,9,0,24
2004,271,9,0,24
2004,272,9,0,24
2004,273,9,0,24
2004,274,9,0,24
2004,275,10,0,24
2004,276,10,0,24
2004,277,10,0,24
2004,278,10,0,24
2004,279,10,0,24
2004,280,10,0,24
2004,281,10,0,24
2004,282,10,0,24
2004,283,10,0,24
2004,284,10,0,24
2004,285,10,0,24
2004,286,10,0,24
2004,287,10,12,24
2004,288,10,0,22.6
2004,289,10,1,24
2004,290,10,2,24
2004,291,10,0,24
2004,292,10,0,24
2004,293,10,197,24
2004,294,10,216,24
2004,295,10,86,24
2004,296,10,0,24
2004,297,10,0,24
2004,298,10,46,24
2004,299,10,0,24
2004,300,10,1,24
2004,301,10,0,24
2004,302,10,0,24
2004,303,10,0,24
2004,304,10,0,24
2004,305,10,0,24
2004,306,11,0,24
2004,307,11,0,24
2004,308,11,0,24
2004,309,11,36,24
2004,310,11,51,24
2004,311,11,0,22.9
2004,312,11,0,24
2004,313,11,0,24
2004,314,11,0,24
2004,315,11,0,24
2004,316,11,2,24
2004,317,11,0,24
2004,318,11,0,24
2004,319,11,0,24
2004,320,11,0,24
2004,321,11,0,24
2004,322,11,0,24
2004,323,11,125,22.9
2004,324,11,0,24
2004,325,11,0,24
2004,326,11,0,24
2004,327,11,0,24
2004,328,11,0,24
2004,329,11,0,23.7
2004,330,11,0,24
2004,331,11,0,24
2004,332,11,0,24
2004,333,11,0,24
2004,334,11,0,24
2004,335,11,0,24
2004,336,12,0,24
2004,337,12,0,24
2004,338,12,0,24
2004,339,12,0,24
2004,340,12,0,24
2004,341,12,0,24
2004,342,12,0,24
2004,343,12,0,24
2004,344,12,0,24
2004,345,12,0,24
2004,346,12,0,24
2004,347,12,0,24
2004,348,12,0,24
2004,349,12,0,24
2004,350,12,46,24
2004,351,12,2,24
2004,352,12,1,24
2004,353,12,148,24
2004,354,12,0,24
2004,355,12,0,24
2004,356,12,0,24
2004,357,12,0,24
2004,358,12,40,24
2004,359,12,317,24
2004,360,12,93,24
2004,361,12,124,24
2004,362,12,78,24
2004,363,12,0,24
2004,364,12,28,24
2004,365,12,0,24
2004,366,12,1,24
2005,1,1,0,24
2005,2,1,10,24
2005,3,1,38,24
2005,4,1,127,24
2005,5,1,0,24
2005,6,1,1,24
2005,7,1,0,24
2005,8,1,0,24
2005,9,1,0,24
2005,10,1,0,24
2005,11,1,0,24
2005,12,1,0,24
2005,13,1,0,24
2005,14,1,0,24
2005,15,1,5,24
2005,16,1,0,24
2005,17,1,1,24
2005,18,1,0,24
2005,19,1,2,24
2005,20,1,7,24
2005,21,1,19,24
2005,22,1,60,24
2005,23,1,37,24
2005,24,1,12,24
2005,25,1,28,24
2005,26,1,39,24
2005,27,1,88,24
2005,28,1,77,24
2005,29,1,134,24
2005,30,1,295,24
2005,31,1,168,24
2005,32,2,82,24
2005,33,2,52,24
2005,34,2,30,24
2005,35,2,64,24
2005,36,2,66,24
2005,37,2,33,24
2005,38,2,1,24
2005,39,2,17,24
2005,40,2,2,24
2005,41,2,5,24
2005,42,2,1,24
2005,43,2,3,24
2005,44,2,5,24
2005,45,2,3,24
2005,46,2,37,24
2005,47,2,1,24
2005,48,2,48,24
2005,49,2,111,24
2005,50,2,31,24
2005,51,2,707,24
2005,52,2,624,24
2005,53,2,648,24
2005,54,2,666,24
2005,55,2,368,24
2005,56,2,788,24
2005,57,2,459,24
2005,58,2,473,24
2005,59,2,158,24
2005,60,3,273,24
2005,61,3,309,24
2005,62,3,431,24
2005,63,3,204,24
2005,64,3,485,24
2005,65,3,692,24
2005,66,3,333,24
2005,67,3,329,24
2005,68,3,324,24
2005,69,3,295,24
2005,70,3,366,24
2005,71,3,271,24
2005,72,3,361,24
2005,73,3,298,24
2005,74,3,293,23.5
2005,75,3,584,24
2005,76,3,649,24
2005,77,3,765,24
2005,78,3,852,24
2005,79,3,1094,24
2005,80,3,976,24
2005,81,3,794,28
2005,82,3,646,24
2005,83,3,458,20
2005,84,3,435,24
2005,85,3,349,24
2005,86,3,180,24
2005,87,3,226,24
2005,88,3,459,24
2005,89,3,401,24
2005,90,3,139,24
2005,91,4,212,28
2005,92,4,188,20
2005,93,4,201,24
2005,94,4,506,24
2005,95,4,430,24
2005,96,4,310,24
2005,97,4,156,24
2005,98,4,285,24
2005,99,4,211,24
2005,100,4,340,24
2005,101,4,150,28
2005,102,4,2,20
2005,103,4,2,24
2005,104,4,0,24
2005,105,4,3,24
2005,106,4,12,24
2005,107,4,74,24
2005,108,4,246,24
2005,109,4,3,24
2005,110,4,1,24
2005,111,4,0,28
2005,112,4,0,20
2005,113,4,0,24
2005,114,4,0,24
2005,115,4,8,24
2005,116,4,0,24
2005,117,4,0,24
2005,118,4,0,28
2005,119,4,0,20
2005,120,4,0,24
2005,121,5,0,28
2005,122,5,0,20
2005,123,5,0,24
2005,124,5,0,24
2005,125,5,0,24
2005,126,5,0,24
2005,127,5,0,24
2005,128,5,1,24
2005,129,5,0,24
2005,130,5,0,24
2005,131,5,1,28
2005,132,5,0,20
2005,133,5,0,24
2005,134,5,0,28
2005,135,5,0,20
2005,136,5,0,24
2005,137,5,0,24
2005,138,5,0,24
2005,139,5,0,24
2005,140,5,0,24
2005,141,5,0,24
2005,142,5,0,24
2005,143,5,0,24
2005,144,5,0,24
2005,145,5,0,24
2005,146,5,26,24
2005,147,5,1,24
2005,148,5,0,24
2005,149,5,2,24
2005,150,5,0,24
2005,151,5,2,24
2005,152,6,32,24
2005,153,6,0,28
2005,154,6,66,20
2005,155,6,8,24
2005,156,6,11,24
2005,157,6,3,24
2005,158,6,1,24
2005,159,6,1,24
2005,160,6,5,28
2005,161,6,0,20
2005,162,6,1,24
2005,163,6,0,28
2005,164,6,0,20
2005,165,6,0,24
2005,166,6,0,24
2005,167,6,28,28
2005,168,6,68,20
2005,169,6,241,28
2005,170,6,63,20
2005,171,6,69,24
2005,172,6,144,24
2005,173,6,208,28
2005,174,6,54,20
2005,175,6,124,24
2005,176,6,165,24
2005,177,6,81,24
2005,178,6,1,24
2005,179,6,0,28
2005,180,6,1,20
2005,181,6,0,24
2005,182,7,0,28
2005,183,7,2,20
2005,184,7,144,24
2005,185,7,87,24
2005,186,7,8,24
2005,187,7,0,24
2005,188,7,1,24
2005,189,7,0,24
2005,190,7,0,24
2005,191,7,0,24
2005,192,7,2,24
2005,193,7,7,24
2005,194,7,0,24
2005,195,7,1,28
2005,196,7,0,20
2005,197,7,1,24
2005,198,7,0,24
2005,199,7,0,24
2005,200,7,0,24
2005,201,7,0,24
2005,202,7,0,24
2005,203,7,0,24
2005,204,7,21,24
2005,205,7,1,24
2005,206,7,0,24
2005,207,7,0,24
2005,208,7,0,24
2005,209,7,0,24
2005,210,7,2,28
2005,211,7,0,20
2005,212,7,0,24
2005,213,8,1,28
2005,214,8,0,20
2005,215,8,0,24
2005,216,8,4,24
2005,217,8,0,24
2005,218,8,0,24
2005,219,8,0,24
2005,220,8,0,24
2005,221,8,0,24
2005,222,8,0,24
2005,223,8,0,22.5
2005,224,8,0,20
2005,225,8,0,24
2005,226,8,0,28
2005,227,8,0,20
2005,228,8,1,24
2005,229,8,1,28
2005,230,8,1,19.9
2005,231,8,0,24
2005,232,8,0,24
2005,233,8,0,24
2005,234,8,0,23.9
2005,235,8,0,28
2005,236,8,0,20
2005,237,8,0,24
2005,238,8,0,28
2005,239,8,0,20
2005,240,8,0,24
2005,241,8,2,24
2005,242,8,0,24
2005,243,8,0,24
2005,244,9,0,24
2005,245,9,0,24
2005,246,9,2,24
2005,247,9,6,24
2005,248,9,20,24
2005,249,9,316,24
2005,250,9,268,24
2005,251,9,373,24
2005,252,9,562,24
2005,253,9,888,24
2005,254,9,715,28
2005,255,9,542,20
2005,256,9,695,24
2005,257,9,285,24
2005,258,9,356,24
2005,259,9,231,24
2005,260,9,301,24
2005,261,9,856,24
2005,262,9,538,24
2005,263,9,424,24
2005,264,9,657,28
2005,265,9,600,20
2005,266,9,692,24
2005,267,9,658,24
2005,268,9,590,24
2005,269,9,478,24
2005,270,9,479,24
2005,271,9,400,24
2005,272,9,332,24
2005,273,9,428,24.9
2005,274,10,563,24
2005,275,10,320,24
2005,276,10,169,24
2005,277,10,203,24
2005,278,10,252,24
2005,279,10,143,24
2005,280,10,79,24
2005,281,10,162,24
2005,282,10,242,24
2005,283,10,268,24
2005,284,10,295,24
2005,285,10,332,24
2005,286,10,496,24
2005,287,10,363,24
2005,288,10,392,24
2005,289,10,382,24
2005,290,10,389,24
2005,291,10,393,24
2005,292,10,407,24
2005,293,10,275,24
2005,294,10,385,24
2005,295,10,251,24
2005,296,10,237,24
2005,297,10,353,23.9
2005,298,10,559,24
2005,299,10,501,24
2005,300,10,442,24
2005,301,10,389,24
2005,302,10,311,24
2005,303,10,394,24
2005,304,10,356,24
2005,305,11,531,24
2005,306,11,514,24
2005,307,11,206,24
2005,308,11,296,24
2005,309,11,320,24
2005,310,11,246,24.2
2005,311,11,134,24
2005,312,11,185,24
2005,313,11,212,24
2005,314,11,133,24
2005,315,11,15,24
2005,316,11,0,24
2005,317,11,22,24
2005,318,11,60,24
2005,319,11,33,24
2005,320,11,14,24
2005,321,11,0,24
2005,322,11,14,24
2005,323,11,33,24
2005,324,11,0,24
2005,325,11,0,24
2005,326,11,0,24
2005,327,11,0,24
2005,328,11,0,24
2005,329,11,0,24
2005,330,11,0,24
2005,331,11,24,24
2005,332,11,34,24
2005,333,11,0,24
2005,334,11,0,24
2005,335,12,0,26.1
2005,336,12,0,24
2005,337,12,0,24
2005,338,12,0,24
2005,339,12,0,24
2005,340,12,0,24
2005,341,12,2,24
2005,342,12,1,24
2005,343,12,0,24
2005,344,12,1,24
2005,345,12,0,24
2005,346,12,0,24
2005,347,12,0,24
2005,348,12,0,24
2005,349,12,14,24
2005,350,12,3,24
2005,351,12,0,24
2005,352,12,4,24
2005,353,12,0,24
2005,354,12,8,24
2005,355,12,0,24
2005,356,12,4,23.6
2005,357,12,12,24
2005,358,12,4,24
2005,359,12,0,24
2005,360,12,0,24
2005,361,12,0,24
2005,362,12,1,24
2005,363,12,0,24
2005,364,12,1,24
2005,365,12,0,26.4
2006,1,1,0,24
2006,2,1,0,24
2006,3,1,22,24
2006,4,1,23,24
2006,5,1,1,24
2006,6,1,0,21.2
2006,7,1,14,28
2006,8,1,1,24
2006,9,1,41,24
2006,10,1,61,24
2006,11,1,15,24
2006,12,1,0,24
2006,13,1,1,24
2006,14,1,37,31
2006,15,1,1,28
2006,16,1,3,24
2006,17,1,0,24
2006,18,1,0,24
2006,19,1,0,24
2006,20,1,0,24
2006,21,1,0,28
2006,22,1,19,24
2006,23,1,0,28
2006,24,1,3,27.7
2006,25,1,0,26
2006,26,1,1,24
2006,27,1,1,24
2006,28,1,0,24
2006,29,1,1,24
2006,30,1,0,24
2006,31,1,31,25
2006,32,2,1,27.4
2006,33,2,1,24
2006,34,2,0,24
2006,35,2,10,24
2006,36,2,64,24
2006,37,2,2,24
2006,38,2,0,24
2006,39,2,9,24
2006,40,2,40,18.4
2006,41,2,241,10.8
2006,42,2,404,28
2006,43,2,378,24
2006,44,2,92,24
2006,45,2,1,24
2006,46,2,0,24
2006,47,2,0,24
2006,48,2,0,24
2006,49,2,0,24
2006,50,2,0,24
2006,51,2,26,24
2006,52,2,0,24
2006,53,2,0,24
2006,54,2,0,24
2006,55,2,0,24
2006,56,2,0,24.3
2006,57,2,0,24
2006,58,2,0,24
2006,59,2,1,24
2006,60,3,33,24
2006,61,3,0,24
2006,62,3,0,24
2006,63,3,0,24
2006,64,3,0,24
2006,65,3,0,24
2006,66,3,0,24
2006,67,3,0,24
2006,68,3,0,24
2006,69,3,0,24
2006,70,3,0,24
2006,71,3,0,24
2006,72,3,0,24
2006,73,3,0,24
2006,74,3,0,24
2006,75,3,1,24
2006,76,3,0,24
2006,77,3,1,24
2006,78,3,0,24
2006,79,3,0,24
2006,80,3,0,24
2006,81,3,0,24
2006,82,3,0,24
2006,83,3,0,24
2006,84,3,0,24
2006,85,3,0,25.9
2006,86,3,0,24
2006,87,3,0,25.5
2006,88,3,0,28
2006,89,3,1,24
2006,90,3,0,24
2006,91,4,0,24
2006,92,4,0,24
2006,93,4,0,24
2006,94,4,0,24
2006,95,4,0,24
2006,96,4,0,24
2006,97,4,0,24
2006,98,4,0,24
2006,99,4,0,24
2006,100,4,0,24
2006,101,4,0,24
2006,102,4,0,25.6
2006,103,4,0,27.5
2006,104,4,0,24
2006,105,4,0,24
2006,106,4,0,24
2006,107,4,0,24
2006,108,4,0,24
2006,109,4,0,24
2006,110,4,0,24
2006,111,4,0,24
2006,112,4,0,29.4
2006,113,4,0,24
2006,114,4,0,24
2006,115,4,0,24
2006,116,4,0,24
2006,117,4,1,24
2006,118,4,0,24
2006,119,4,0,24
2006,120,4,0,24
2006,121,5,0,24
2006,122,5,0,24
2006,123,5,0,24
2006,124,5,0,24
2006,125,5,0,24
2006,126,5,0,28
2006,127,5,0,20
2006,128,5,0,24
2006,129,5,0,24
2006,130,5,0,11.1
2006,131,5,0,0
2006,132,5,0,0
2006,133,5,0,0
2006,134,5,0,0
2006,135,5,0,0
2006,136,5,0,0
2006,137,5,0,0
2006,138,5,0,0
2006,139,5,0,0
2006,140,5,0,0
2006,141,5,0,0
2006,142,5,0,0
2006,143,5,0,0
2006,144,5,0,0
2006,145,5,0,0
2006,146,5,0,0
2006,147,5,0,0
2006,148,5,0,0
2006,149,5,0,0
2006,150,5,0,0
2006,151,5,0,0
2006,152,6,0,0
2006,153,6,0,0
2006,154,6,0,0
2006,155,6,0,0
2006,156,6,0,0
2006,157,6,0,0
2006,158,6,0,0
2006,159,6,0,0
2006,160,6,0,0
2006,161,6,0,0
2006,162,6,0,0
2006,163,6,0,0
2006,164,6,0,0
2006,165,6,0,0
2006,166,6,0,0
2006,167,6,0,0
2006,168,6,0,0
2006,169,6,0,0
2006,170,6,0,0
2006,171,6,0,0
2006,172,6,0,0
2006,173,6,0,0
2006,174,6,0,0
2006,175,6,0,0
2006,176,6,0,0
2006,177,6,0,0
2006,178,6,0,0
2006,179,6,0,0
2006,180,6,0,0
2006,181,6,0,0
2006,182,7,0,0
2006,183,7,0,0
2006,184,7,0,0
2006,185,7,0,0
2006,186,7,0,0
2006,187,7,0,0
2006,188,7,0,0
2006,189,7,0,0
2006,190,7,0,0
2006,191,7,0,0
2006,192,7,0,0
2006,193,7,0,0
2006,194,7,0,0
2006,195,7,0,0
2006,196,7,0,0
2006,197,7,0,0
2006,198,7,0,0
2006,199,7,0,0
2006,200,7,0,0
2006,201,7,0,0
2006,202,7,0,0
2006,203,7,0,0
2006,204,7,0,0
2006,205,7,0,0
2006,206,7,0,0
2006,207,7,0,2
2006,208,7,0,17.9
2006,209,7,0,24
2006,210,7,0,28
2006,211,7,8,20
2006,212,7,2,24
2006,213,8,0,24
2006,214,8,0,24
2006,215,8,0,24
2006,216,8,0,24
2006,217,8,0,24
2006,218,8,0,24
2006,219,8,0,24
2006,220,8,0,24
2006,221,8,99,24
2006,222,8,9,24
2006,223,8,9,24
2006,224,8,0,24
2006,225,8,1,24
2006,226,8,169,24
2006,227,8,6,24
2006,228,8,2,24
2006,229,8,0,24
2006,230,8,3,24
2006,231,8,45,24
2006,232,8,3,24
2006,233,8,4,24
2006,234,8,1,28
2006,235,8,19,20
2006,236,8,33,24
2006,237,8,32,18
2006,238,8,102,20
2006,239,8,204,24
2006,240,8,52,24
2006,241,8,12,24
2006,242,8,34,24
2006,243,8,13,24
2006,244,9,120,24
2006,245,9,115,24
2006,246,9,102,24
2006,247,9,81,24
2006,248,9,164,24
2006,249,9,147,28
2006,250,9,119,20
2006,251,9,17,24
2006,252,9,5,28
2006,253,9,2,20
2006,254,9,40,24
2006,255,9,28,25.7
2006,256,9,158,20
2006,257,9,298,24
2006,258,9,622,28
2006,259,9,409,20
2006,260,9,647,24
2006,261,9,820,25.6
2006,262,9,603,20.2
2006,263,9,410,24
2006,264,9,637,27.6
2006,265,9,683,20.4
2006,266,9,344,24
2006,267,9,303,27.5
2006,268,9,19,20.4
2006,269,9,63,24
2006,270,9,0,27.4
2006,271,9,0,20.6
2006,272,9,0,24
2006,273,9,36,24
2006,274,10,30,24
2006,275,10,0,24
2006,276,10,0,27.1
2006,277,10,0,20.9
2006,278,10,0,24
2006,279,10,0,27
2006,280,10,0,21
2006,281,10,0,24
2006,282,10,0,27
2006,283,10,0,10.7
2006,284,10,0,24
2006,285,10,14,26.9
2006,286,10,0,21.1
2006,287,10,0,24
2006,288,10,15,26.8
2006,289,10,307,14.4
2006,290,10,0,0
2006,291,10,0,0
2006,292,10,0,0
2006,293,10,0,0
2006,294,10,0,0
2006,295,10,0,0
2006,296,10,0,0
2006,297,10,0,0
2006,298,10,0,0
2006,299,10,0,0
2006,300,10,0,0
2006,301,10,0,0
2006,302,10,0,0
2006,303,10,0,0
2006,304,10,0,0
2006,305,11,0,0
2006,306,11,0,0
2006,307,11,0,0
2006,308,11,0,0
2006,309,11,0,0
2006,310,11,0,0
2006,311,11,0,0
2006,312,11,0,0
2006,313,11,0,0
2006,314,11,0,0
2006,315,11,0,0
2006,316,11,0,0
2006,317,11,0,0
2006,318,11,0,0
2006,319,11,0,0
2006,320,11,0,0
2006,321,11,0,0
2006,322,11,0,0
2006,323,11,0,0
2006,324,11,0,0
2006,325,11,0,0
2006,326,11,0,0
2006,327,11,0,0
2006,328,11,0,0
2006,329,11,0,0
2006,330,11,0,0
2006,331,11,0,0
2006,332,11,0,0
2006,333,11,0,0
2006,334,11,0,0
2006,335,12,0,0
2006,336,12,0,0
2006,337,12,0,0
2006,338,12,0,0
2006,339,12,0,0
2006,340,12,0,0
2006,341,12,0,0
2006,342,12,0,0
2006,343,12,0,0
2006,344,12,0,0
2006,345,12,0,0
2006,346,12,0,0
2006,347,12,0,0
2006,348,12,0,0
2006,349,12,0,0
2006,350,12,0,0
2006,351,12,0,0
2006,352,12,0,0
2006,353,12,0,0
2006,354,12,0,0
2006,355,12,0,0
2006,356,12,0,0
2006,357,12,0,0
2006,358,12,0,0
2006,359,12,0,0
2006,360,12,0,0
2006,361,12,0,0
2006,362,12,0,0
2006,363,12,0,0
2006,364,12,0,0
2006,365,12,0,0
2007,1,1,0,0
2007,2,1,0,0
2007,3,1,0,0
2007,4,1,0,0
2007,5,1,0,0
2007,6,1,0,0
2007,7,1,0,0
2007,8,1,0,0
2007,9,1,0,0
2007,10,1,0,0
2007,11,1,0,0
2007,12,1,0,0
2007,13,1,0,0
2007,14,1,0,0
2007,15,1,0,0
2007,16,1,0,0
2007,17,1,0,0
2007,18,1,0,0
2007,19,1,0,0
2007,20,1,0,0
2007,21,1,0,0
2007,22,1,0,0
2007,23,1,0,0
2007,24,1,0,0
2007,25,1,0,0
2007,26,1,0,0
2007,27,1,0,0
2007,28,1,0,0
2007,29,1,0,0
2007,30,1,0,0
2007,31,1,0,0
2007,32,2,0,0
2007,33,2,0,0
2007,34,2,0,0
2007,35,2,0,0
2007,36,2,0,0
2007,37,2,0,0
2007,38,2,0,0
2007,39,2,0,0
2007,40,2,0,0
2007,41,2,0,0
2007,42,2,0,0
2007,43,2,0,0
2007,44,2,0,0
2007,45,2,0,0
2007,46,2,0,0
2007,47,2,0,0
2007,48,2,0,0
2007,49,2,0,0
2007,50,2,0,0
2007,51,2,0,0
2007,52,2,0,0
2007,53,2,0,0
2007,54,2,0,0
2007,55,2,0,0
2007,56,2,0,0
2007,57,2,0,0
2007,58,2,0,0
2007,59,2,0,0
2007,60,3,0,0
2007,61,3,0,0
2007,62,3,0,0
2007,63,3,0,0
2007,64,3,0,0
2007,65,3,0,0
2007,66,3,0,0
2007,67,3,0,0
2007,68,3,0,0
2007,69,3,0,0
2007,70,3,0,0
2007,71,3,0,0
2007,72,3,0,0
2007,73,3,0,0
2007,74,3,0,0
2007,75,3,0,0
2007,76,3,0,0
2007,77,3,0,0
2007,78,3,0,0
2007,79,3,0,0
2007,80,3,0,0
2007,81,3,0,0
2007,82,3,0,0
2007,83,3,0,0
2007,84,3,0,0
2007,85,3,0,0
2007,86,3,0,0
2007,87,3,0,0
2007,88,3,0,0
2007,89,3,0,0
2007,90,3,0,0
2007,91,4,0,0
2007,92,4,0,0
2007,93,4,0,0
2007,94,4,0,0
2007,95,4,0,0
2007,96,4,0,0
2007,97,4,0,0
2007,98,4,0,0
2007,99,4,0,0
2007,100,4,0,0
2007,101,4,0,0
2007,102,4,0,0
2007,103,4,0,0
2007,104,4,0,0
2007,105,4,0,0
2007,106,4,0,0
2007,107,4,0,0
2007,108,4,0,0
2007,109,4,0,0
2007,110,4,0,0
2007,111,4,0,0
2007,112,4,0,0
2007,113,4,0,0
2007,114,4,0,0
2007,115,4,0,0
2007,116,4,0,0
2007,117,4,0,0
2007,118,4,0,0
2007,119,4,0,0
2007,120,4,0,0
2007,121,5,0,0
2007,122,5,0,0
2007,123,5,0,0
2007,124,5,0,0
2007,125,5,0,0
2007,126,5,0,0
2007,127,5,0,0
2007,128,5,0,0
2007,129,5,0,0
2007,130,5,0,0
2007,131,5,0,0
2007,132,5,0,0
2007,133,5,0,0
2007,134,5,0,0
2007,135,5,0,0
2007,136,5,0,0
2007,137,5,0,0
2007,138,5,0,0
2007,139,5,0,0
2007,140,5,0,0
2007,141,5,0,0
2007,142,5,0,0
2007,143,5,0,0
2007,144,5,0,0
2007,145,5,0,0
2007,146,5,0,0
2007,147,5,0,0
2007,148,5,0,0
2007,149,5,0,0
2007,150,5,0,0
2007,151,5,0,0
2007,152,6,0,0
2007,153,6,0,0
2007,154,6,0,0
2007,155,6,0,0
2007,156,6,0,0
2007,157,6,0,0
2007,158,6,0,0
2007,159,6,0,0
2007,160,6,0,0
2007,161,6,0,0
2007,162,6,0,0
2007,163,6,0,0
2007,164,6,0,0
2007,165,6,0,0
2007,166,6,0,0
2007,167,6,0,0
2007,168,6,0,0
2007,169,6,0,0
2007,170,6,0,0
2007,171,6,0,0
2007,172,6,0,0
2007,173,6,0,0
2007,174,6,0,0
2007,175,6,0,0
2007,176,6,0,0
2007,177,6,0,0
2007,178,6,0,0
2007,179,6,0,0
2007,180,6,0,0
2007,181,6,0,0
2007,182,7,0,0
2007,183,7,0,0
2007,184,7,0,0
2007,185,7,0,0
2007,186,7,0,0
2007,187,7,0,0
2007,188,7,0,0
2007,189,7,0,0
2007,190,7,0,0
2007,191,7,0,0
2007,192,7,0,0
2007,193,7,0,0
2007,194,7,0,0
2007,195,7,0,0
2007,196,7,0,0
2007,197,7,0,0
2007,198,7,0,0
2007,199,7,0,0
2007,200,7,0,0
2007,201,7,0,0
2007,202,7,0,0
2007,203,7,0,0
2007,204,7,0,0
2007,205,7,0,0
2007,206,7,0,0
2007,207,7,0,0
2007,208,7,0,0
2007,209,7,0,0
2007,210,7,0,0
2007,211,7,0,0
2007,212,7,0,0
2007,213,8,0,0
2007,214,8,0,0
2007,215,8,0,0
2007,216,8,0,0
2007,217,8,0,0
2007,218,8,0,0
2007,219,8,0,0
2007,220,8,0,0
2007,221,8,0,0
2007,222,8,0,0
2007,223,8,0,0
2007,224,8,0,0
2007,225,8,0,0
2007,226,8,0,0
2007,227,8,0,0
2007,228,8,0,0
2007,229,8,0,0
2007,230,8,0,0
2007,231,8,0,0
2007,232,8,0,0
2007,233,8,0,0
2007,234,8,0,0
2007,235,8,0,0
2007,236,8,0,0
2007,237,8,0,0
2007,238,8,0,0
2007,239,8,0,0
2007,240,8,0,0
2007,241,8,0,0
2007,242,8,0,0
2007,243,8,0,0
2007,244,9,0,0
2007,245,9,0,0
2007,246,9,0,0
2007,247,9,0,0
2007,248,9,0,0
2007,249,9,0,0
2007,250,9,0,0
2007,251,9,0,0
2007,252,9,0,0
2007,253,9,4,0
2007,254,9,0,0
2007,255,9,0,0
2007,256,9,0,0
2007,257,9,0,0
2007,258,9,0,0
2007,259,9,0,0
2007,260,9,0,0
2007,261,9,0,0
2007,262,9,0,0
2007,263,9,0,0
2007,264,9,0,0
2007,265,9,0,0
2007,266,9,0,0
2007,267,9,0,0
2007,268,9,0,0
2007,269,9,0,0
2007,270,9,0,0
2007,271,9,0,0
2007,272,9,0,0
2007,273,9,0,0
2007,274,10,0,0
2007,275,10,0,0
2007,276,10,0,0
2007,277,10,0,0
2007,278,10,0,0
2007,279,10,0,0
2007,280,10,0,0
2007,281,10,0,0
2007,282,10,0,0
2007,283,10,0,0
2007,284,10,0,0
2007,285,10,0,0
2007,286,10,0,0
2007,287,10,0,0
2007,288,10,0,0
2007,289,10,0,0
2007,290,10,0,0
2007,291,10,0,24
2007,292,10,0,24
2007,293,10,0,24
2007,294,10,0,28
2007,295,10,0,20
2007,296,10,1,28
2007,297,10,0,24
2007,298,10,0,20
2007,299,10,0,28
2007,300,10,0,0
2007,301,10,8,24
2007,302,10,1,23.8
2007,303,10,2,24
2007,304,10,0,24
2007,305,11,1,24
2007,306,11,0,24
2007,307,11,1,24
2007,308,11,29,24
2007,309,11,1,24
2007,310,11,93,24
2007,311,11,7,24
2007,312,11,11,24
2007,313,11,118,24
2007,314,11,61,24
2007,315,11,2,24
2007,316,11,8,24
2007,317,11,9,24
2007,318,11,160,24
2007,319,11,63,24
2007,320,11,0,24
2007,321,11,0,24
2007,322,11,0,24
2007,323,11,1,24
2007,324,11,46,24
2007,325,11,1,28
2007,326,11,14,20
2007,327,11,201,24
2007,328,11,60,28
2007,329,11,184,20
2007,330,11,4,24
2007,331,11,154,28
2007,332,11,35,20
2007,333,11,35,24
2007,334,11,329,24
2007,335,12,76,24
2007,336,12,470,28
2007,337,12,320,19.9
2007,338,12,330,28
2007,339,12,142,22.5
2007,340,12,12,21.4
2007,341,12,122,28
2007,342,12,177,20
2007,343,12,402,24
2007,344,12,179,24
2007,345,12,301,24
2007,346,12,307,24
2007,347,12,631,24
2007,348,12,580,24
2007,349,12,1254,24
2007,350,12,857,24
2007,351,12,565,24
2007,352,12,401,28
2007,353,12,1074,20
2007,354,12,903,24
2007,355,12,462,24
2007,356,12,580,24
2007,357,12,659,24
2007,358,12,683,24
2007,359,12,594,24
2007,360,12,725,24
2007,361,12,406,24
2007,362,12,318,28
2007,363,12,257,24
2007,364,12,27,20
2007,365,12,10,24
2008,1,1,159,24
2008,2,1,77,24
2008,3,1,170,24
2008,4,1,388,24
2008,5,1,223,24
2008,6,1,24,24
2008,7,1,0,24
2008,8,1,4,24
2008,9,1,209,24
2008,10,1,49,24
2008,11,1,69,24
2008,12,1,4,24
2008,13,1,2,24
2008,14,1,0,24
2008,15,1,0,24
2008,16,1,0,24
2008,17,1,0,24
2008,18,1,49,24
2008,19,1,1,24
2008,20,1,0,24
2008,21,1,0,24
2008,22,1,15,24
2008,23,1,0,24
2008,24,1,0,28
2008,25,1,55,20
2008,26,1,20,28
2008,27,1,25,24
2008,28,1,16,20
2008,29,1,127,24
2008,30,1,333,24
2008,31,1,116,24
2008,32,2,53,28
2008,33,2,0,20
2008,34,2,0,28
2008,35,2,9,24
2008,36,2,169,19.3
2008,37,2,218,28
2008,38,2,1,20
2008,39,2,0,24
2008,40,2,0,28
2008,41,2,3,20
2008,42,2,0,24
2008,43,2,0,24
2008,44,2,0,24
2008,45,2,0,28
2008,46,2,0,20
2008,47,2,0,28
2008,48,2,0,24
2008,49,2,0,20
2008,50,2,0,28
2008,51,2,0,20
2008,52,2,0,24
2008,53,2,15,28
2008,54,2,30,20
2008,55,2,32,24
2008,56,2,22,28
2008,57,2,7,20
2008,58,2,7,24
2008,59,2,5,24
2008,60,2,21,24
2008,61,3,14,28
2008,62,3,0,20
2008,63,3,0,28
2008,64,3,0,20
2008,65,3,3,24
2008,66,3,5,28
2008,67,3,0,20
2008,68,3,0,24
2008,69,3,0,28
2008,70,3,0,20
2008,71,3,0,28
2008,72,3,0,20
2008,73,3,0,24
2008,74,3,0,28
2008,75,3,0,20
2008,76,3,0,24
2008,77,3,0,28
2008,78,3,0,20
2008,79,3,0,24
2008,80,3,0,24
2008,81,3,0,24
2008,82,3,0,28
2008,83,3,0,20
2008,84,3,0,28
2008,85,3,0,20
2008,86,3,0,24
2008,87,3,0,28
2008,88,3,0,20
2008,89,3,0,24
2008,90,3,0,28
2008,91,3,0,20
2008,92,4,0,24
2008,93,4,0,24
2008,94,4,0,24
2008,95,4,0,28
2008,96,4,0,20
2008,97,4,0,28
2008,98,4,0,24
2008,99,4,0,20
2008,100,4,0,24
2008,101,4,0,24
2008,102,4,0,24
2008,103,4,0,28
2008,104,4,0,20
2008,105,4,0,24
2008,106,4,0,24
2008,107,4,0,22.8
2008,108,4,0,5.6
2008,109,4,0,0
2008,110,4,0,0.1
2008,111,4,0,0
2008,112,4,0,0
2008,113,4,0,0
2008,114,4,0,0
2008,115,4,0,0
2008,116,4,0,25.9
2008,117,4,0,20
2008,118,4,0,24
2008,119,4,0,24
2008,120,4,0,24
2008,121,4,0,24
2008,122,5,0,24
2008,123,5,0,28
2008,124,5,0,20
2008,125,5,0,24
2008,126,5,45,28
2008,127,5,0,20
2008,128,5,0,24
2008,129,5,0,28
2008,130,5,0,20
2008,131,5,0,24
2008,132,5,0,24
2008,133,5,0,24
2008,134,5,0,24
2008,135,5,0,24
2008,136,5,0,24
2008,137,5,0,24
2008,138,5,0,24
2008,139,5,0,24
2008,140,5,0,24
2008,141,5,0,24
2008,142,5,0,24
2008,143,5,0,24
2008,144,5,0,24
2008,145,5,0,24
2008,146,5,1,24
2008,147,5,0,24
2008,148,5,0,24
2008,149,5,0,28
2008,150,5,0,20
2008,151,5,0,28
2008,152,5,0,20
2008,153,6,1,28
2008,154,6,0,20
2008,155,6,0,24
2008,156,6,0,28
2008,157,6,14,20
2008,158,6,106,24
2008,159,6,81,24
2008,160,6,1,28
2008,161,6,0,24
2008,162,6,0,20
2008,163,6,0,28
2008,164,6,0,20
2008,165,6,0,24
2008,166,6,0,24
2008,167,6,0,24
2008,168,6,0,28
2008,169,6,0,20
2008,170,6,0,28
2008,171,6,0,20
2008,172,6,0,24
2008,173,6,0,28
2008,174,6,0,20
2008,175,6,0,28
2008,176,6,0,20
2008,177,6,0,28
2008,178,6,0,6.1
2008,179,6,0,16.4
2008,180,6,0,28
2008,181,6,0,20
2008,182,6,0,24
2008,183,7,0,24
2008,184,7,0,24
2008,185,7,0,28
2008,186,7,12,20
2008,187,7,0,28
2008,188,7,3,20
2008,189,7,2,28
2008,190,7,160,20
2008,191,7,102,24
2008,192,7,54,24
2008,193,7,169,24
2008,194,7,107,28
2008,195,7,0,20
2008,196,7,0,28
2008,197,7,8,20
2008,198,7,278,24
2008,199,7,0,28
2008,200,7,0,20
2008,201,7,0,14.6
2008,202,7,0,12.5
2008,203,7,0,11.9
2008,204,7,0,12.9
2008,205,7,0,24
2008,206,7,0,24
2008,207,7,0,24
2008,208,7,0,24
2008,209,7,0,24
2008,210,7,18,24
2008,211,7,141,24
2008,212,7,733,24
2008,213,7,475,24
2008,214,8,164,24
2008,215,8,16,28
2008,216,8,55,20
2008,217,8,94,24
2008,218,8,0,28
2008,219,8,0,20
2008,220,8,48,28
2008,221,8,27,20
2008,222,8,306,28
2008,223,8,131,20
2008,224,8,123,24
2008,225,8,0,28
2008,226,8,93,20
2008,227,8,3,28
2008,228,8,0,20
2008,229,8,84,28
2008,230,8,2,20
2008,231,8,1,28
2008,232,8,1,24
2008,233,8,0,20
2008,234,8,3,28
2008,235,8,112,20
2008,236,8,178,24
2008,237,8,292,24
2008,238,8,218,28
2008,239,8,54,24
2008,240,8,2,20
2008,241,8,0,28
2008,242,8,0,20
2008,243,8,3,24
2008,244,8,4,24
2008,245,9,6,24
2008,246,9,31,28
2008,247,9,2,0.1
2008,248,9,7,13.2
2008,249,9,6,24
2008,250,9,3,28
2008,251,9,8,22.7
2008,252,9,0,21.3
2008,253,9,0,28
2008,254,9,0,20
2008,255,9,0,24
2008,256,9,0,24
2008,257,9,0,24
2008,258,9,0,24
2008,259,9,0,24
2008,260,9,0,24
2008,261,9,0,24
2008,262,9,0,24
2008,263,9,0,24
2008,264,9,0,24
2008,265,9,0,24
2008,266,9,0,28
2008,267,9,0,24
2008,268,9,0,20
2008,269,9,0,28
2008,270,9,0,20
2008,271,9,0,28
2008,272,9,0,20
2008,273,9,0,24
2008,274,9,0,24
2008,275,10,0,28
2008,276,10,7,24
2008,277,10,0,20
2008,278,10,1,28
2008,279,10,52,20
2008,280,10,78,24
2008,281,10,0,24
2008,282,10,0,28
2008,283,10,31,20
2008,284,10,76,24
2008,285,10,91,28
2008,286,10,2,20
2008,287,10,19,28
2008,288,10,0,20
2008,289,10,0,24
2008,290,10,2,24
2008,291,10,0,28
2008,292,10,0,24
2008,293,10,0,20
2008,294,10,0,24
2008,295,10,3,24
2008,296,10,0,24
2008,297,10,0,24
2008,298,10,0,28
2008,299,10,0,20
2008,300,10,0,0
2008,301,10,0,28
2008,302,10,0,20
2008,303,10,0,28
2008,304,10,0,20
2008,305,10,0,24
2008,306,11,0,24
2008,307,11,0,28
2008,308,11,7,20
2008,309,11,0,24
2008,310,11,0,28
2008,311,11,0,20
2008,312,11,0,28
2008,313,11,15,20
2008,314,11,13,28
2008,315,11,7,20
2008,316,11,4,24
2008,317,11,1,28
2008,318,11,11,20
2008,319,11,25,28
2008,320,11,8,20
2008,321,11,0,28
2008,322,11,0,20
2008,323,11,0,28
2008,324,11,6,20
2008,325,11,11,24
2008,326,11,4,28
2008,327,11,55,20
2008,328,11,0,28
2008,329,11,0,20
2008,330,11,0,28
2008,331,11,0,20
2008,332,11,1,24
2008,333,11,1,28
2008,334,11,2,20
2008,335,11,0,24
2008,336,12,0,24
2008,337,12,0,28
2008,338,12,0,20
2008,339,12,0,28
2008,340,12,0,20
2008,341,12,0,24
2008,342,12,3,24
2008,343,12,0,24
2008,344,12,2,28
2008,345,12,75,20
2008,346,12,57,28
2008,347,12,112,20
2008,348,12,0,24
2008,349,12,22,28
2008,350,12,1,20
2008,351,12,4,28
2008,352,12,0,20
2008,353,12,0,28
2008,354,12,0,20
2008,355,12,0,24
2008,356,12,0,24
2008,357,12,0,24
2008,358,12,0,24
2008,359,12,0,24
2008,360,12,0,24
2008,361,12,0,24
2008,362,12,0,24
2008,363,12,0,24
2008,364,12,1,24
2008,365,12,0,24
2008,366,12,0,24
2009,1,1,0,24
2009,2,1,0,28
2009,3,1,0,20
2009,4,1,0,24
2009,5,1,0,28
2009,6,1,0,20
2009,7,1,0,28
2009,8,1,4,20
2009,9,1,198,28
2009,10,1,0,20
2009,11,1,0,28
2009,12,1,20,20
2009,13,1,0,24
2009,14,1,46,28
2009,15,1,25,20
2009,16,1,49,28
2009,17,1,9,20
2009,18,1,87,28
2009,19,1,0,20
2009,20,1,10,24
2009,21,1,37,24
2009,22,1,83,28
2009,23,1,78,20
2009,24,1,57,24
2009,25,1,343,28
2009,26,1,579,20
2009,27,1,372,28
2009,28,1,192,20
2009,29,1,173,24
2009,30,1,235,24
2009,31,1,207,24
2009,32,2,514,24
2009,33,2,394,24
2009,34,2,35,28
2009,35,2,144,20
2009,36,2,6,28
2009,37,2,332,20
2009,38,2,171,28
2009,39,2,273,20
2009,40,2,238,28
2009,41,2,45,20
2009,42,2,0,24
2009,43,2,0,24
2009,44,2,15,24
2009,45,2,47,28
2009,46,2,1,20
2009,47,2,0,28
2009,48,2,0,20
2009,49,2,0,24
2009,50,2,11,24
2009,51,2,0,24
2009,52,2,0,24
2009,53,2,0,28
2009,54,2,128,24
2009,55,2,0,20
2009,56,2,0,28
2009,57,2,0,20
2009,58,2,0,28
2009,59,2,6,20
2009,60,3,73,28
2009,61,3,8,20
2009,62,3,0,24
2009,63,3,0,24
2009,64,3,0,24
2009,65,3,0,28
2009,66,3,0,20
2009,67,3,0,28
2009,68,3,0,20
2009,69,3,0,24
2009,70,3,0,24
2009,71,3,0,24
2009,72,3,0,24
2009,73,3,0,28
2009,74,3,0,20
2009,75,3,0,24
2009,76,3,0,28
2009,77,3,0,20
2009,78,3,0,28
2009,79,3,12,20
2009,80,3,0,24
2009,81,3,0,24
2009,82,3,0,28
2009,83,3,34,20
2009,84,3,12,24
2009,85,3,0,28
2009,86,3,6,20
2009,87,3,10,28
2009,88,3,0,20
2009,89,3,3,28
2009,90,3,8,20
2009,91,4,5,28
2009,92,4,10,20
2009,93,4,74,24
2009,94,4,28,24
2009,95,4,11,24
2009,96,4,2,28
2009,97,4,1,20
2009,98,4,21,28
2009,99,4,0,20
2009,100,4,150,24
2009,101,4,166,24
2009,102,4,1,24
2009,103,4,51,24
2009,104,4,281,28
2009,105,4,20,20
2009,106,4,0,24
2009,107,4,0,28
2009,108,4,81,20
2009,109,4,0,28
2009,110,4,0,20
2009,111,4,0,28
2009,112,4,0,20
2009,113,4,0,24
2009,114,4,0,24
2009,115,4,19,24
2009,116,4,72,24
2009,117,4,0,28
2009,118,4,0,24
2009,119,4,0,20
2009,120,4,23,24
2009,121,5,234,24
2009,122,5,115,28
2009,123,5,15,20
2009,124,5,16,28
2009,125,5,0,20
2009,126,5,0,28
2009,127,5,0,20
2009,128,5,0,24
2009,129,5,0,24
2009,130,5,0,24
2009,131,5,1,24
2009,132,5,0,24
2009,133,5,0,24
2009,134,5,0,24
2009,135,5,0,24
2009,136,5,1,24
2009,137,5,0,24
2009,138,5,0,24
2009,139,5,0,24
2009,140,5,0,24
2009,141,5,0,24
2009,142,5,0,24
2009,143,5,0,24
2009,144,5,0,28
2009,145,5,0,20
2009,146,5,0,28
2009,147,5,0,20
2009,148,5,0,28
2009,149,5,0,20
2009,150,5,0,24
2009,151,5,0,24
2009,152,6,0,27
2009,153,6,2,21
2009,154,6,16,24
2009,155,6,0,24
2009,156,6,0,24
2009,157,6,0,28
2009,158,6,0,20
2009,159,6,169,28
2009,160,6,285,20
2009,161,6,156,24
2009,162,6,218,24
2009,163,6,226,24
2009,164,6,253,24
2009,165,6,263,28
2009,166,6,347,20
2009,167,6,380,28
2009,168,6,196,20
2009,169,6,354,24
2009,170,6,336,24
2009,171,6,226,24
2009,172,6,169,26.2
2009,173,6,1,21.8
2009,174,6,0,28
2009,175,6,5,20
2009,176,6,1,24
2009,177,6,0,24
2009,178,6,0,28
2009,179,6,0,20
2009,180,6,0,28
2009,181,6,31,20
2009,182,7,3,24
2009,183,7,0,28
2009,184,7,0,20
2009,185,7,0,28
2009,186,7,0,20
2009,187,7,0,28
2009,188,7,0,20
2009,189,7,0,24
2009,190,7,0,24
2009,191,7,0,24
2009,192,7,0,24
2009,193,7,0,28
2009,194,7,0,24
2009,195,7,1,20
2009,196,7,0,28
2009,197,7,0,20
2009,198,7,0,28
2009,199,7,0,20
2009,200,7,0,28
2009,201,7,0,20
2009,202,7,0,28
2009,203,7,0,20
2009,204,7,0,24
2009,205,7,0,24
2009,206,7,1,24
2009,207,7,0,28
2009,208,7,0,20
2009,209,7,0,26.2
2009,210,7,0,21.8
2009,211,7,0,28
2009,212,7,0,20
2009,213,8,0,24
2009,214,8,0,24
2009,215,8,0,28
2009,216,8,50,20
2009,217,8,176,24
2009,218,8,262,24
2009,219,8,74,24
2009,220,8,28,28
2009,221,8,122,20
2009,222,8,118,24
2009,223,8,0,24
2009,224,8,0,24
2009,225,8,0,24
2009,226,8,0,24
2009,227,8,0,24
2009,228,8,0,28
2009,229,8,0,20
2009,230,8,3,24
2009,231,8,242,24
2009,232,8,210,24
2009,233,8,0,28
2009,234,8,0,20
2009,235,8,0,28
2009,236,8,0,20
2009,237,8,0,28
2009,238,8,0,20
2009,239,8,0,28
2009,240,8,0,20
2009,241,8,0,28
2009,242,8,0,20
2009,243,8,0,24
2009,244,9,0,24
2009,245,9,9,24
2009,246,9,0,24
2009,247,9,0,24
2009,248,9,0,24
2009,249,9,0,24
2009,250,9,0,24
2009,251,9,0,24
2009,252,9,0,24
2009,253,9,0,24
2009,254,9,0,28
2009,255,9,0,20
2009,256,9,0,28
2009,257,9,0,20
2009,258,9,0,24
2009,259,9,0,24
2009,260,9,0,28
2009,261,9,0,20
2009,262,9,0,28
2009,263,9,0,20
2009,264,9,0,24
2009,265,9,36,24
2009,266,9,0,24
2009,267,9,0,28
2009,268,9,0,20
2009,269,9,26,28
2009,270,9,0,20
2009,271,9,49,24
2009,272,9,3,24
2009,273,9,30,24
2009,274,10,11,24
2009,275,10,31,28
2009,276,10,7,20
2009,277,10,2,24
2009,278,10,0,24
2009,279,10,0,24
2009,280,10,2,28
2009,281,10,0,20
2009,282,10,2,28
2009,283,10,0,20
2009,284,10,29,28
2009,285,10,100,20
2009,286,10,74,28
2009,287,10,62,20
2009,288,10,12,28
2009,289,10,0,20
2009,290,10,0,24
2009,291,10,0,24
2009,292,10,0,24
2009,293,10,0,24
2009,294,10,83,28
2009,295,10,0,24
2009,296,10,0,20
2009,297,10,0,28
2009,298,10,0,20
2009,299,10,0,28
2009,300,10,0,0
2009,301,10,8,28
2009,302,10,75,20
2009,303,10,89,28
2009,304,10,117,20
2009,305,11,0,19.2
2009,306,11,0,0.4
2009,307,11,0,22.8
2009,308,11,0,28
2009,309,11,35,20
2009,310,11,325,28
2009,311,11,9,20
2009,312,11,9,15.1
2009,313,11,0,2.6
2009,314,11,201,22.5
2009,315,11,289,28
2009,316,11,501,20
2009,317,11,423,28
2009,318,11,145,20
2009,319,11,276,28
2009,320,11,203,20
2009,321,11,294,28
2009,322,11,195,20
2009,323,11,378,24
2009,324,11,409,24
2009,325,11,656,28
2009,326,11,174,20
2009,327,11,22,24
2009,328,11,0,24
2009,329,11,102,24
2009,330,11,199,24
2009,331,11,37,28
2009,332,11,23,24
2009,333,11,0,20
2009,334,11,26,24
2009,335,12,1,24
2009,336,12,0,24
2009,337,12,0,24
2009,338,12,453,24
2009,339,12,498,24
2009,340,12,457,28
2009,341,12,643,20
2009,342,12,618,24
2009,343,12,625,24
2009,344,12,782,24
2009,345,12,908,24
2009,346,12,901,24
2009,347,12,992,24
2009,348,12,884,24
2009,349,12,966,24
2009,350,12,1011,24
2009,351,12,934,24
2009,352,12,902,24
2009,353,12,1210,24
2009,354,12,1215,24
2009,355,12,1148,28
2009,356,12,825,20
2009,357,12,1091,28
2009,358,12,1115,20
2009,359,12,983,28
2009,360,12,1331,20
2009,361,12,715,24
2009,362,12,270,24
2009,363,12,504,28
2009,364,12,688,20
2009,365,12,666,24
2010,1,1,597,24
2010,2,1,1160,24
2010,3,1,1544,24
2010,4,1,1572,24
2010,5,1,549,24
2010,6,1,10,24
2010,7,1,6,28
2010,8,1,0,20
2010,9,1,16,28
2010,10,1,51,20
2010,11,1,0,28
2010,12,1,0,22
2010,13,1,0,28
2010,14,1,117,20.1
2010,15,1,74,24
2010,16,1,0,23.6
2010,17,1,130,24
2010,18,1,0,23.8
2010,19,1,6,28
2010,20,1,0,20
2010,21,1,95,24
2010,22,1,31,24
2010,23,1,53,24
2010,24,1,0,24
2010,25,1,0,24
2010,26,1,0,24
2010,27,1,0,24
2010,28,1,0,24
2010,29,1,1,24
2010,30,1,0,24
2010,31,1,0,24
2010,32,2,0,24
2010,33,2,0,24
2010,34,2,0,24
2010,35,2,0,24
2010,36,2,0,24
2010,37,2,2,24
2010,38,2,0,24
2010,39,2,100,24
2010,40,2,18,24
2010,41,2,47,24
2010,42,2,0,24
2010,43,2,0,24
2010,44,2,34,24
2010,45,2,5,24
2010,46,2,1,24
2010,47,2,82,24
2010,48,2,69,24
2010,49,2,119,24
2010,50,2,19,24
2010,51,2,195,24
2010,52,2,429,24
2010,53,2,92,24
2010,54,2,8,24
2010,55,2,4,24
2010,56,2,509,24
2010,57,2,767,24
2010,58,2,548,24
2010,59,2,565,24
2010,60,3,671,24
2010,61,3,685,24
2010,62,3,665,24
2010,63,3,561,24
2010,64,3,285,24
2010,65,3,9,24
2010,66,3,88,24
2010,67,3,258,24
2010,68,3,66,24
2010,69,3,130,24
2010,70,3,62,24
2010,71,3,5,24
2010,72,3,67,24
2010,73,3,16,24
2010,74,3,0,24
2010,75,3,0,24
2010,76,3,0,18.1
2010,77,3,0,20
2010,78,3,0,24
2010,79,3,0,24
2010,80,3,0,24
2010,81,3,0,24
2010,82,3,2,24
2010,83,3,0,21
2010,84,3,0,22.7
2010,85,3,0,24
2010,86,3,0,24
2010,87,3,0,24
2010,88,3,2,24
2010,89,3,0,24
2010,90,3,176,24
2010,91,4,6,24
2010,92,4,0,24
2010,93,4,24,24
2010,94,4,3,24
2010,95,4,0,24
2010,96,4,0,24
2010,97,4,0,24
2010,98,4,0,24
2010,99,4,1,24
2010,100,4,1,24
2010,101,4,0,24
2010,102,4,0,24
2010,103,4,0,24
2010,104,4,0,24
2010,105,4,0,24
2010,106,4,0,24
2010,107,4,0,24
2010,108,4,0,24
2010,109,4,2,24
2010,110,4,0,24
2010,111,4,0,24
2010,112,4,0,24
2010,113,4,0,24
2010,114,4,0,24
2010,115,4,0,24
2010,116,4,0,24
2010,117,4,0,24
2010,118,4,121,24
2010,119,4,94,24
2010,120,4,0,24
2010,121,5,300,24
2010,122,5,149,24
2010,123,5,0,0.4
2010,124,5,0,0
2010,125,5,0,0
2010,126,5,0,0
2010,127,5,0,0
2010,128,5,0,0
2010,129,5,0,0
2010,130,5,0,0
2010,131,5,3,21.9
2010,132,5,40,24
2010,133,5,124,24
2010,134,5,3,24
2010,135,5,8,23.3
2010,136,5,24,24
2010,137,5,0,25.9
2010,138,5,16,24
2010,139,5,1,24
2010,140,5,0,24
2010,141,5,0,24
2010,142,5,28,24
2010,143,5,56,24
2010,144,5,57,24
2010,145,5,255,24
2010,146,5,383,24
2010,147,5,186,24
2010,148,5,209,24
2010,149,5,160,24
2010,150,5,112,24
2010,151,5,145,24
2010,152,6,149,24
2010,153,6,77,24
2010,154,6,224,24
2010,155,6,63,24
2010,156,6,208,24
2010,157,6,54,24
2010,158,6,0,24
2010,159,6,0,24
2010,160,6,36,24
2010,161,6,3,24.6
2010,162,6,10,24
2010,163,6,23,24
2010,164,6,23,24
2010,165,6,81,23.9
2010,166,6,93,24
2010,167,6,86,24
2010,168,6,110,24
2010,169,6,9,24
2010,170,6,2,24
2010,171,6,1,24
2010,172,6,1,24
2010,173,6,3,24
2010,174,6,0,24
2010,175,6,0,24
2010,176,6,2,24
2010,177,6,0,24
2010,178,6,1,24
2010,179,6,0,24
2010,180,6,0,24
2010,181,6,0,24
2010,182,7,0,24
2010,183,7,0,24
2010,184,7,0,24
2010,185,7,0,24
2010,186,7,0,24
2010,187,7,0,24
2010,188,7,0,24
2010,189,7,0,24
2010,190,7,0,24
2010,191,7,0,24
2010,192,7,0,24
2010,193,7,0,24
2010,194,7,0,24
2010,195,7,0,24
2010,196,7,0,24
2010,197,7,0,24
2010,198,7,0,24
2010,199,7,0,24
2010,200,7,0,24
2010,201,7,0,24
2010,202,7,0,24
2010,203,7,0,24
2010,204,7,0,24
2010,205,7,0,24
2010,206,7,0,24
2010,207,7,0,24
2010,208,7,0,24
2010,209,7,0,24
2010,210,7,0,24
2010,211,7,0,24
2010,212,7,0,24
2010,213,8,0,24
2010,214,8,0,24
2010,215,8,0,24
2010,216,8,0,24
2010,217,8,0,24
2010,218,8,0,24
2010,219,8,0,24
2010,220,8,0,24
2010,221,8,0,24
2010,222,8,0,24
2010,223,8,3,24
2010,224,8,0,24
2010,225,8,0,24
2010,226,8,0,24
2010,227,8,0,24
2010,228,8,0,24
2010,229,8,0,24
2010,230,8,0,24
2010,231,8,0,24
2010,232,8,0,24
2010,233,8,0,24
2010,234,8,0,24
2010,235,8,0,24
2010,236,8,0,24
2010,237,8,0,24
2010,238,8,0,24
2010,239,8,0,24
2010,240,8,1,24
2010,241,8,0,24
2010,242,8,0,24
2010,243,8,0,25.8
2010,244,9,0,24
2010,245,9,0,24
2010,246,9,0,24
2010,247,9,0,24
2010,248,9,0,24
2010,249,9,32,24
2010,250,9,138,24
2010,251,9,9,24
2010,252,9,0,24
2010,253,9,0,24
2010,254,9,0,24
2010,255,9,2,24
2010,256,9,0,24
2010,257,9,11,24
2010,258,9,4,24
2010,259,9,1,24
2010,260,9,0,24
2010,261,9,0,24
2010,262,9,0,24
2010,263,9,0,24
2010,264,9,0,24
2010,265,9,0,24
2010,266,9,0,24
2010,267,9,0,24
2010,268,9,81,24
2010,269,9,0,24
2010,270,9,0,24
2010,271,9,0,24
2010,272,9,0,24
2010,273,9,1,24
2010,274,10,0,24
2010,275,10,0,24
2010,276,10,0,24
2010,277,10,0,24
2010,278,10,0,24
2010,279,10,114,24
2010,280,10,71,24
2010,281,10,64,24
2010,282,10,2,24
2010,283,10,0,24
2010,284,10,110,24
2010,285,10,19,24
2010,286,10,0,24
2010,287,10,0,24
2010,288,10,13,24
2010,289,10,0,24
2010,290,10,0,24
2010,291,10,0,24
2010,292,10,0,24
2010,293,10,0,24
2010,294,10,74,24
2010,295,10,0,24
2010,296,10,0,24
2010,297,10,0,24
2010,298,10,0,24
2010,299,10,0,24
2010,300,10,7,24
2010,301,10,103,24
2010,302,10,4,24
2010,303,10,9,24
2010,304,10,127,24
2010,305,11,7,24
2010,306,11,62,24
2010,307,11,7,24
2010,308,11,21,24
2010,309,11,28,24
2010,310,11,236,24
2010,311,11,492,24
2010,312,11,452,24
2010,313,11,434,24
2010,314,11,628,24
2010,315,11,703,24
2010,316,11,1011,24
2010,317,11,1172,24
2010,318,11,788,24
2010,319,11,442,24
2010,320,11,133,24
2010,321,11,163,24
2010,322,11,652,24
2010,323,11,546,24
2010,324,11,646,24
2010,325,11,783,24
2010,326,11,1015,24
2010,327,11,711,24
2010,328,11,960,24
2010,329,11,941,24
2010,330,11,578,24
2010,331,11,363,24
2010,332,11,642,24
2010,333,11,639,24
2010,334,11,172,24
2010,335,12,58,24
2010,336,12,134,24
2010,337,12,1,24
2010,338,12,348,24
2010,339,12,637,24
2010,340,12,217,24
2010,341,12,32,24
2010,342,12,0,24
2010,343,12,2,24
2010,344,12,0,24
2010,345,12,0,24
2010,346,12,0,24
2010,347,12,4,24
2010,348,12,1,24
2010,349,12,0,24
2010,350,12,0,24
2010,351,12,1,24
2010,352,12,0,24
2010,353,12,4,24
2010,354,12,4,24
2010,355,12,71,24
2010,356,12,302,24
2010,357,12,39,24
2010,358,12,0,24
2010,359,12,12,24
2010,360,12,0,24
2010,361,12,1,24
2010,362,12,0,24
2010,363,12,0,24
2010,364,12,0,24
2010,365,12,0,24
2011,1,1,0,24
2011,2,1,0,24
2011,3,1,3,24
2011,4,1,0,24
2011,5,1,0,24
2011,6,1,0,24
2011,7,1,0,24
2011,8,1,0,24
2011,9,1,0,24
2011,10,1,0,24
2011,11,1,0,24
2011,12,1,0,24
2011,13,1,0,24
2011,14,1,0,24
2011,15,1,0,24
2011,16,1,0,24
2011,17,1,0,24
2011,18,1,0,24
2011,19,1,0,24
2011,20,1,0,24
2011,21,1,0,24
2011,22,1,0,24
2011,23,1,0,24
2011,24,1,0,24
2011,25,1,0,24
2011,26,1,0,24
2011,27,1,0,24
2011,28,1,0,24
2011,29,1,0,24
2011,30,1,0,24
2011,31,1,0,24
2011,32,2,0,24
2011,33,2,0,24
2011,34,2,0,24
2011,35,2,0,24
2011,36,2,0,24
2011,37,2,0,24
2011,38,2,0,24
2011,39,2,0,24
2011,40,2,0,24
2011,41,2,0,24
2011,42,2,0,24
2011,43,2,0,24
2011,44,2,0,24
2011,45,2,0,24
2011,46,2,0,24
2011,47,2,0,25.4
2011,48,2,0,24
2011,49,2,0,24
2011,50,2,0,24
2011,51,2,0,24
2011,52,2,0,24
2011,53,2,0,24
2011,54,2,0,24
2011,55,2,0,24
2011,56,2,0,24
2011,57,2,0,24
2011,58,2,0,24
2011,59,2,0,24
2011,60,3,0,24
2011,61,3,0,24
2011,62,3,0,24
2011,63,3,0,24
2011,64,3,0,24
2011,65,3,0,24
2011,66,3,0,24
2011,67,3,0,24
2011,68,3,0,24
2011,69,3,0,24
2011,70,3,0,24
2011,71,3,0,24
2011,72,3,0,24
2011,73,3,0,24
2011,74,3,0,24
2011,75,3,0,24
2011,76,3,0,24
2011,77,3,0,24
2011,78,3,0,24
2011,79,3,0,24
2011,80,3,0,24
2011,81,3,0,24
2011,82,3,0,24
2011,83,3,0,24
2011,84,3,0,24
2011,85,3,0,24
2011,86,3,0,24
2011,87,3,0,24
2011,88,3,0,24
2011,89,3,0,24
2011,90,3,0,24
2011,91,4,0,24
2011,92,4,0,24
2011,93,4,0,24
2011,94,4,0,24
2011,95,4,0,24
2011,96,4,0,24
2011,97,4,0,24
2011,98,4,0,24
2011,99,4,0,24
2011,100,4,0,24
2011,101,4,0,24
2011,102,4,0,24
2011,103,4,0,24
2011,104,4,107,24
2011,105,4,71,24
2011,106,4,0,23.9
2011,107,4,0,24
2011,108,4,0,23.9
2011,109,4,0,24
2011,110,4,0,24
2011,111,4,0,24
2011,112,4,0,24
2011,113,4,0,24
2011,114,4,0,24
2011,115,4,0,24
2011,116,4,0,24
2011,117,4,0,24
2011,118,4,0,24
2011,119,4,0,24
2011,120,4,0,24
2011,121,5,0,24
2011,122,5,0,24
2011,123,5,0,24
2011,124,5,0,24
2011,125,5,0,24
2011,126,5,0,24
2011,127,5,0,24
2011,128,5,0,24
2011,129,5,0,24
2011,130,5,0,24
2011,131,5,0,24
2011,132,5,0,24
2011,133,5,0,24
2011,134,5,0,24
2011,135,5,0,26.3
2011,136,5,0,24
2011,137,5,0,24
2011,138,5,0,24
2011,139,5,0,24
2011,140,5,0,24
2011,141,5,0,24
2011,142,5,0,24
2011,143,5,0,24
2011,144,5,0,24
2011,145,5,0,24
2011,146,5,0,24
2011,147,5,0,24
2011,148,5,0,24
2011,149,5,0,24
2011,150,5,0,24
2011,151,5,0,24
2011,152,6,0,24
2011,153,6,0,24
2011,154,6,0,24
2011,155,6,0,24
2011,156,6,0,24
2011,157,6,0,24
2011,158,6,0,24
2011,159,6,0,24
2011,160,6,0,27.1
2011,161,6,0,24
2011,162,6,0,24
2011,163,6,30,24
2011,164,6,2,25.5
2011,165,6,0,25.4
2011,166,6,0,24
2011,167,6,0,24
2011,168,6,0,24
2011,169,6,0,24
2011,170,6,0,24
2011,171,6,0,24
2011,172,6,0,24
2011,173,6,0,24
2011,174,6,0,24
2011,175,6,0,24
2011,176,6,0,24
2011,177,6,3,24
2011,178,6,54,24
2011,179,6,0,24
2011,180,6,0,24
2011,181,6,0,24
2011,182,7,0,16
2011,183,7,0,24
2011,184,7,21,24
2011,185,7,70,24
2011,186,7,90,24
2011,187,7,39,24
2011,188,7,0,24
2011,189,7,0,24
2011,190,7,0,24
2011,191,7,0,24
2011,192,7,0,24
2011,193,7,1,24
2011,194,7,33,24
2011,195,7,2,24
2011,196,7,0,24
2011,197,7,0,24
2011,198,7,0,24
2011,199,7,0,24
2011,200,7,0,24
2011,201,7,0,24
2011,202,7,0,24
2011,203,7,0,24
2011,204,7,0,24
2011,205,7,0,24
2011,206,7,0,24
2011,207,7,0,24
2011,208,7,0,24
2011,209,7,38,24
2011,210,7,0,24
2011,211,7,54,24
2011,212,7,197,24
2011,213,8,109,24
2011,214,8,117,24
2011,215,8,85,24
2011,216,8,0,24
2011,217,8,0,24
2011,218,8,0,24
2011,219,8,0,24
2011,220,8,0,24
2011,221,8,0,24
2011,222,8,0,24
2011,223,8,0,24
2011,224,8,0,24
2011,225,8,0,24
2011,226,8,0,24
2011,227,8,0,24
2011,228,8,0,24
2011,229,8,1,24
2011,230,8,0,24
2011,231,8,0,24
2011,232,8,0,24
2011,233,8,0,24
2011,234,8,0,24
2011,235,8,2,24
2011,236,8,1,24
2011,237,8,0,24
2011,238,8,0,24
2011,239,8,209,24
2011,240,8,90,24
2011,241,8,12,24
2011,242,8,24,24
2011,243,8,0,24
2011,244,9,2,24
2011,245,9,2,24
2011,246,9,11,24
2011,247,9,0,24
2011,248,9,0,24
2011,249,9,0,24
2011,250,9,0,24
2011,251,9,0,24
2011,252,9,0,24
2011,253,9,0,24
2011,254,9,1,24
2011,255,9,0,24
2011,256,9,0,24
2011,257,9,0,24
2011,258,9,25,24
2011,259,9,1,24
2011,260,9,21,24
2011,261,9,474,24
2011,262,9,581,24
2011,263,9,113,24
2011,264,9,49,24
2011,265,9,112,24
2011,266,9,38,24
2011,267,9,0,24
2011,268,9,0,24
2011,269,9,64,24
2011,270,9,103,24
2011,271,9,66,24
2011,272,9,0,24
2011,273,9,28,24
2011,274,10,0,24
2011,275,10,0,24
2011,276,10,0,24
2011,277,10,106,24
2011,278,10,24,24
2011,279,10,0,24
2011,280,10,0,24
2011,281,10,8,24
2011,282,10,91,24
2011,283,10,3,24
2011,284,10,64,24
2011,285,10,374,24
2011,286,10,145,24
2011,287,10,8,24
2011,288,10,1,24
2011,289,10,68,24
2011,290,10,89,24
2011,291,10,0,24
2011,292,10,45,24
2011,293,10,48,24
2011,294,10,0,24
2011,295,10,0,24
2011,296,10,1,24
2011,297,10,222,24
2011,298,10,275,24
2011,299,10,203,24
2011,300,10,323,24
2011,301,10,426,24
2011,302,10,80,24
2011,303,10,158,24
2011,304,10,171,24
2011,305,11,89,24
2011,306,11,176,24
2011,307,11,397,24
2011,308,11,543,24
2011,309,11,354,24
2011,310,11,374,24
2011,311,11,192,24
2011,312,11,304,24
2011,313,11,394,24
2011,314,11,171,24
2011,315,11,379,24
2011,316,11,688,24
2011,317,11,72,24
2011,318,11,74,24
2011,319,11,26,24
2011,320,11,68,24
2011,321,11,89,24
2011,322,11,204,24
2011,323,11,209,24
2011,324,11,335,24
2011,325,11,557,24
2011,326,11,1259,24
2011,327,11,1162,24
2011,328,11,1385,24
2011,329,11,1372,24
2011,330,11,1066,24
2011,331,11,1182,24
2011,332,11,1172,24
2011,333,11,1554,24
2011,334,11,2124,24
2011,335,12,2104,24
2011,336,12,2374,24
2011,337,12,2268,24
2011,338,12,2178,24
2011,339,12,2140,24
2011,340,12,2011,24
2011,341,12,2132,24
2011,342,12,1864,24
2011,343,12,1495,24
2011,344,12,1369,24
2011,345,12,1541,24
2011,346,12,1303,24
2011,347,12,1291,24
2011,348,12,1311,24
2011,349,12,1350,24
2011,350,12,1335,24
2011,351,12,1509,24
2011,352,12,1125,24
2011,353,12,1078,24
2011,354,12,1243,24
2011,355,12,894,24
2011,356,12,991,24
2011,357,12,1046,24
2011,358,12,936,24
2011,359,12,990,24
2011,360,12,1127,24
2011,361,12,1285,24
2011,362,12,1412,24
2011,363,12,1425,24
2011,364,12,1380,24
2011,365,12,1374,24
2012,1,1,1618,24
2012,2,1,1631,24
2012,3,1,1440,24
2012,4,1,672,24
2012,5,1,638,24
2012,6,1,529,24
2012,7,1,697,24
2012,8,1,668,24
2012,9,1,554,24
2012,10,1,595,24
2012,11,1,765,24
2012,12,1,954,24
2012,13,1,1153,24
2012,14,1,1210,24
2012,15,1,1230,24
2012,16,1,1027,21
2012,17,1,0,0.3
2012,18,1,11,2.4
2012,19,1,15,1.3
2012,20,1,1078,16.6
2012,21,1,1432,24
2012,22,1,1125,24
2012,23,1,1008,23.9
2012,24,1,815,24
2012,25,1,767,24
2012,26,1,708,24
2012,27,1,396,24
2012,28,1,417,24
2012,29,1,439,24
2012,30,1,436,24
2012,31,1,868,24
2012,32,2,812,24
2012,33,2,234,24
2012,34,2,58,24
2012,35,2,7,24
2012,36,2,1,24
2012,37,2,250,24
2012,38,2,283,24
2012,39,2,39,24
2012,40,2,1,24
2012,41,2,1,24
2012,42,2,16,24
2012,43,2,31,24
2012,44,2,95,24
2012,45,2,185,24
2012,46,2,218,24
2012,47,2,68,24
2012,48,2,0,24
2012,49,2,0,24
2012,50,2,0,24
2012,51,2,0,24
2012,52,2,0,24
2012,53,2,0,24
2012,54,2,0,24
2012,55,2,0,24
2012,56,2,0,24
2012,57,2,0,24
2012,58,2,0,24
2012,59,2,0,24
2012,60,2,0,24
2012,61,3,0,24
2012,62,3,0,24
2012,63,3,45,24
2012,64,3,3,24
2012,65,3,0,24
2012,66,3,43,24
2012,67,3,0,24
2012,68,3,0,24
2012,69,3,0,24
2012,70,3,18,24
2012,71,3,1,24
2012,72,3,0,24
2012,73,3,0,24
2012,74,3,0,24
2012,75,3,0,24
2012,76,3,0,24
2012,77,3,0,24
2012,78,3,0,24
2012,79,3,0,24
2012,80,3,0,24
2012,81,3,0,24
2012,82,3,0,24
2012,83,3,1,24
2012,84,3,0,24
2012,85,3,0,24
2012,86,3,0,24
2012,87,3,0,24
2012,88,3,0,24
2012,89,3,0,24
2012,90,3,0,24
2012,91,3,0,24
2012,92,4,0,24
2012,93,4,0,24
2012,94,4,0,24
2012,95,4,1,24
2012,96,4,0,24
2012,97,4,0,24
2012,98,4,0,24
2012,99,4,0,24
2012,100,4,0,24
2012,101,4,0,24
2012,102,4,0,24
2012,103,4,0,24
2012,104,4,0,24
2012,105,4,0,24
2012,106,4,0,24
2012,107,4,0,24
2012,108,4,0,24
2012,109,4,1,24
2012,110,4,0,24
2012,111,4,1,24
2012,112,4,0,24
2012,113,4,0,24
2012,114,4,19,24
2012,115,4,0,24
2012,116,4,0,24
2012,117,4,0,24
2012,118,4,0,24
2012,119,4,140,24
2012,120,4,66,24
2012,121,4,0,24
2012,122,5,0,24
2012,123,5,0,24
2012,124,5,3,24
2012,125,5,0,24
2012,126,5,0,24
2012,127,5,0,24
2012,128,5,12,24
2012,129,5,0,24
2012,130,5,0,24
2012,131,5,17,24
2012,132,5,60,24
2012,133,5,48,24
2012,134,5,112,24
2012,135,5,131,24
2012,136,5,131,24
2012,137,5,77,24
2012,138,5,7,24
2012,139,5,1,24
2012,140,5,3,24
2012,141,5,49,24
2012,142,5,63,24
2012,143,5,73,24
2012,144,5,0,24
2012,145,5,2,24
2012,146,5,0,24
2012,147,5,0,24
2012,148,5,4,24
2012,149,5,2,24
2012,150,5,0,24
2012,151,5,0,24
2012,152,5,2,24
2012,153,6,4,24
2012,154,6,0,24
2012,155,6,0,24
2012,156,6,0,24
2012,157,6,0,24
2012,158,6,0,24
2012,159,6,0,24
2012,160,6,0,24
2012,161,6,1,24
2012,162,6,28,24
2012,163,6,0,24
2012,164,6,1,24
2012,165,6,0,24
2012,166,6,2,24
2012,167,6,0,24
2012,168,6,0,24
2012,169,6,0,24
2012,170,6,0,24
2012,171,6,0,24
2012,172,6,0,24
2012,173,6,0,24
2012,174,6,0,24
2012,175,6,0,24
2012,176,6,0,24
2012,177,6,0,24
2012,178,6,0,24
2012,179,6,0,24
2012,180,6,0,24
2012,181,6,0,24
2012,182,6,0,24
2012,183,7,0,24
2012,184,7,0,24
2012,185,7,0,24
2012,186,7,0,24
2012,187,7,0,24
2012,188,7,0,24
2012,189,7,0,24
2012,190,7,0,24
2012,191,7,0,24
2012,192,7,1,24
2012,193,7,0,24
2012,194,7,0,24
2012,195,7,0,24
2012,196,7,4,24
2012,197,7,1,24
2012,198,7,0,24
2012,199,7,1,24
2012,200,7,1,24
2012,201,7,0,24
2012,202,7,1,24
2012,203,7,0,24
2012,204,7,0,24
2012,205,7,2,24
2012,206,7,11,24
2012,207,7,0,24
2012,208,7,0,24
2012,209,7,0,24
2012,210,7,0,24
2012,211,7,0,24
2012,212,7,0,24
2012,213,7,0,24
2012,214,8,0,24
2012,215,8,0,24
2012,216,8,0,24
2012,217,8,0,24
2012,218,8,0,24
2012,219,8,0,24
2012,220,8,0,24
2012,221,8,0,24
2012,222,8,0,24
2012,223,8,0,24
2012,224,8,0,24
2012,225,8,0,24
2012,226,8,0,24
2012,227,8,0,24
2012,228,8,0,24
2012,229,8,0,24
2012,230,8,0,24
2012,231,8,0,24
2012,232,8,0,24
2012,233,8,0,24
2012,234,8,0,24
2012,235,8,0,24
2012,236,8,0,24
2012,237,8,0,24
2012,238,8,0,24
2012,239,8,0,24
2012,240,8,15,24
2012,241,8,1,24
2012,242,8,1,24
2012,243,8,0,24
2012,244,8,1,24
2012,245,9,0,24
2012,246,9,0,24
2012,247,9,0,24
2012,248,9,0,24
2012,249,9,0,24
2012,250,9,0,24
2012,251,9,0,24
2012,252,9,2,24
2012,253,9,17,24
2012,254,9,220,24
2012,255,9,8,24
2012,256,9,5,24
2012,257,9,12,24
2012,258,9,0,24
2012,259,9,0,24
2012,260,9,0,24
2012,261,9,3,24
2012,262,9,0,24
2012,263,9,67,24
2012,264,9,20,24
2012,265,9,43,24
2012,266,9,55,24
2012,267,9,12,24
2012,268,9,90,24
2012,269,9,55,24
2012,270,9,21,24
2012,271,9,0,24
2012,272,9,1,24
2012,273,9,12,24
2012,274,9,13,24
2012,275,10,6,24
2012,276,10,67,24
2012,277,10,62,24
2012,278,10,94,24
2012,279,10,669,24
2012,280,10,779,24
2012,281,10,817,24
2012,282,10,274,24
2012,283,10,114,24
2012,284,10,272,24
2012,285,10,40,24
2012,286,10,9,24
2012,287,10,42,24
2012,288,10,0,24
2012,289,10,0,24
2012,290,10,0,24
2012,291,10,1,24
2012,292,10,59,24
2012,293,10,24,24
2012,294,10,0,24
2012,295,10,0,24
2012,296,10,15,24
2012,297,10,68,24
2012,298,10,0,24
2012,299,10,105,24
2012,300,10,0,24
2012,301,10,13,24
2012,302,10,0,24
2012,303,10,51,24
2012,304,10,18,24
2012,305,10,37,24
2012,306,11,126,24
2012,307,11,59,24
2012,308,11,183,24
2012,309,11,268,24
2012,310,11,308,24
2012,311,11,249,24
2012,312,11,157,24
2012,313,11,686,24
2012,314,11,563,24
2012,315,11,652,24
2012,316,11,413,24
2012,317,11,49,24
2012,318,11,185,24
2012,319,11,512,24
2012,320,11,1070,24
2012,321,11,1512,24
2012,322,11,1166,24
2012,323,11,975,24
2012,324,11,1248,24
2012,325,11,1551,24
2012,326,11,1092,24
2012,327,11,1038,24
2012,328,11,1040,24
2012,329,11,866,24
2012,330,11,1054,24
2012,331,11,840,24
2012,332,11,720,24
2012,333,11,910,24
2012,334,11,848,24
2012,335,11,983,24
2012,336,12,1583,24
2012,337,12,1557,24
2012,338,12,1527,24
2012,339,12,1499,24
2012,340,12,2134,24
2012,341,12,1981,24
2012,342,12,1858,24
2012,343,12,1293,24
2012,344,12,1676,24
2012,345,12,1780,24
2012,346,12,1121,24
2012,347,12,1775,24
2012,348,12,1696,24
2012,349,12,1697,24
2012,350,12,1753,24
2012,351,12,1705,24
2012,352,12,1792,24
2012,353,12,2014,24
2012,354,12,1856,24
2012,355,12,1789,24
2012,356,12,1462,24
2012,357,12,1387,24
2012,358,12,1720,24
2012,359,12,1850,24
2012,360,12,2037,24
2012,361,12,1818,24
2012,362,12,1642,24
2012,363,12,1589,24
2012,364,12,1565,24
2012,365,12,1436,24
2012,366,12,992,24
2013,1,1,1226,24
2013,2,1,1526,24
2013,3,1,1750,24
2013,4,1,1998,24
2013,5,1,1901,24
2013,6,1,2232,24
2013,7,1,2194,24
2013,8,1,1991,24
2013,9,1,517,24
2013,10,1,1170,24
2013,11,1,1261,24
2013,12,1,1263,24
2013,13,1,1090,24
2013,14,1,1120,24
2013,15,1,1446,24
2013,16,1,1006,24
2013,17,1,708,24
2013,18,1,432,24
2013,19,1,1122,24
2013,20,1,738,24
2013,21,1,917,24
2013,22,1,969,24
2013,23,1,393,24
2013,24,1,48,24
2013,25,1,161,24
2013,26,1,202,24
2013,27,1,54,24
2013,28,1,29,24
2013,29,1,181,24
2013,30,1,193,24
2013,31,1,72,24
2013,32,2,165,24
2013,33,2,139,24
2013,34,2,0,24
2013,35,2,197,24
2013,36,2,169,24
2013,37,2,195,24
2013,38,2,203,24
2013,39,2,315,24
2013,40,2,95,24
2013,41,2,84,24
2013,42,2,57,24
2013,43,2,7,24
2013,44,2,0,24
2013,45,2,50,24
2013,46,2,248,24
2013,47,2,120,24
2013,48,2,0,24
2013,49,2,0,24
2013,50,2,0,24
2013,51,2,0,24
2013,52,2,0,24
2013,53,2,0,24
2013,54,2,0,24
2013,55,2,0,24
2013,56,2,0,24
2013,57,2,0,24
2013,58,2,10,24
2013,59,2,10,24
2013,60,3,0,24
2013,61,3,1,24
2013,62,3,0,24
2013,63,3,8,24
2013,64,3,150,24
2013,65,3,76,24
2013,66,3,0,24
2013,67,3,122,24
2013,68,3,60,24
2013,69,3,1,24
2013,70,3,8,24
2013,71,3,0,24
2013,72,3,0,24
2013,73,3,0,24
2013,74,3,0,24
2013,75,3,0,24
2013,76,3,0,24
2013,77,3,0,24
2013,78,3,0,24
2013,79,3,0,24
2013,80,3,0,24
2013,81,3,0,24
2013,82,3,0,24
2013,83,3,0,24
2013,84,3,0,24
2013,85,3,0,24
2013,86,3,1,24
2013,87,3,0,24
2013,88,3,1,24
2013,89,3,169,24
2013,90,3,0,24
2013,91,4,7,24
2013,92,4,15,24
2013,93,4,0,24
2013,94,4,0,24
2013,95,4,34,24
2013,96,4,21,24
2013,97,4,151,24
2013,98,4,222,24
2013,99,4,0,24
2013,100,4,0,24
2013,101,4,0,24
2013,102,4,0,24
2013,103,4,0,24
2013,104,4,2,24
2013,105,4,6,24
2013,106,4,0,24
2013,107,4,36,24
2013,108,4,1,24
2013,109,4,0,24
2013,110,4,0,24
2013,111,4,0,24
2013,112,4,0,24
2013,113,4,0,24
2013,114,4,46,24
2013,115,4,376,24
2013,116,4,478,24
2013,117,4,337,24
2013,118,4,371,24
2013,119,4,345,24
2013,120,4,10,24
2013,121,5,2,24
2013,122,5,0,24
2013,123,5,0,24
2013,124,5,0,24
2013,125,5,0,24
2013,126,5,153,24
2013,127,5,121,24
2013,128,5,0,24
2013,129,5,0,24
2013,130,5,0,24
2013,131,5,0,24
2013,132,5,0,24
2013,133,5,0,24
2013,134,5,0,24
2013,135,5,9,24
2013,136,5,16,24
2013,137,5,11,24
2013,138,5,0,24
2013,139,5,0,24
2013,140,5,216,24
2013,141,5,354,24
2013,142,5,206,24
2013,143,5,0,24
2013,144,5,0,24
2013,145,5,31,24
2013,146,5,285,24
2013,147,5,72,24
2013,148,5,102,24
2013,149,5,88,24
2013,150,5,27,24
2013,151,5,21,24
2013,152,6,0,24
2013,153,6,0,24
2013,154,6,6,24
2013,155,6,87,24
2013,156,6,19,24
2013,157,6,25,24
2013,158,6,155,24
2013,159,6,571,24
2013,160,6,449,24
2013,161,6,438,24
2013,162,6,500,24
2013,163,6,856,24
2013,164,6,758,24
2013,165,6,594,24
2013,166,6,770,24
2013,167,6,752,24
2013,168,6,453,24
2013,169,6,164,24
2013,170,6,96,24
2013,171,6,2,24
2013,172,6,9,24
2013,173,6,40,24
2013,174,6,45,24
2013,175,6,209,24
2013,176,6,425,24
2013,177,6,196,24
2013,178,6,196,24
2013,179,6,6,24
2013,180,6,0,24
2013,181,6,0,24
2013,182,7,0,24
2013,183,7,16,24
2013,184,7,0,24
2013,185,7,0,24
2013,186,7,0,24
2013,187,7,0,24
2013,188,7,12,24
2013,189,7,27,24
2013,190,7,16,24
2013,191,7,3,24
2013,192,7,3,24
2013,193,7,0,24
2013,194,7,0,24
2013,195,7,0,24
2013,196,7,0,24
2013,197,7,0,24
2013,198,7,0,24
2013,199,7,0,24
2013,200,7,0,24
2013,201,7,0,24
2013,202,7,0,24
2013,203,7,1,24
2013,204,7,0,24
2013,205,7,0,24
2013,206,7,0,24
2013,207,7,0,24
2013,208,7,0,24
2013,209,7,0,24
2013,210,7,0,24
2013,211,7,0,24
2013,212,7,0,24
2013,213,8,0,24
2013,214,8,0,24
2013,215,8,0,24
2013,216,8,0,24
2013,217,8,0,24
2013,218,8,0,24
2013,219,8,0,24
2013,220,8,0,24
2013,221,8,0,24
2013,222,8,0,24
2013,223,8,0,24
2013,224,8,0,24
2013,225,8,0,24
2013,226,8,0,24
2013,227,8,0,24
2013,228,8,0,24
2013,229,8,0,24
2013,230,8,0,24
2013,231,8,0,24
2013,232,8,0,24
2013,233,8,0,24
2013,234,8,0,24
2013,235,8,0,24
2013,236,8,0,24
2013,237,8,0,24
2013,238,8,0,24
2013,239,8,0,24
2013,240,8,0,24
2013,241,8,0,24
2013,242,8,0,24
2013,243,8,0,24
2013,244,9,0,24
2013,245,9,0,24
2013,246,9,0,24
2013,247,9,0,24
2013,248,9,0,24
2013,249,9,74,24
2013,250,9,135,24
2013,251,9,184,24
2013,252,9,0,24
2013,253,9,0,24
2013,254,9,0,24
2013,255,9,0,24
2013,256,9,6,24
2013,257,9,1,24
2013,258,9,0,24
2013,259,9,0,24
2013,260,9,0,24
2013,261,9,0,24
2013,262,9,0,24
2013,263,9,0,24
2013,264,9,0,24
2013,265,9,211,24
2013,266,9,3,24
2013,267,9,0,24
2013,268,9,0,24
2013,269,9,0,24
2013,270,9,2,24
2013,271,9,0,24
2013,272,9,0,24
2013,273,9,1,24
2013,274,10,2,24
2013,275,10,1,24
2013,276,10,0,24
2013,277,10,17,24
2013,278,10,4,24
2013,279,10,0,24
2013,280,10,1,24
2013,281,10,0,24
2013,282,10,1,24
2013,283,10,168,24
2013,284,10,520,24
2013,285,10,1280,24
2013,286,10,1188,24
2013,287,10,1474,24
2013,288,10,1225,24
2013,289,10,637,24
2013,290,10,237,24
2013,291,10,106,24
2013,292,10,67,24
2013,293,10,458,24
2013,294,10,314,24
2013,295,10,30,24
2013,296,10,17,24
2013,297,10,110,24
2013,298,10,83,24
2013,299,10,2,24
2013,300,10,0,24
2013,301,10,97,24
2013,302,10,272,24
2013,303,10,453,24
2013,304,10,252,24
2013,305,11,0,24
2013,306,11,108,24
2013,307,11,254,24
2013,308,11,424,24
2013,309,11,79,24
2013,310,11,0,24
2013,311,11,1,24
2013,312,11,0,24
2013,313,11,0,24
2013,314,11,0,24
2013,315,11,0,24
2013,316,11,9,24
2013,317,11,0,24
2013,318,11,0,24
2013,319,11,0,24
2013,320,11,0,24
2013,321,11,0,24
2013,322,11,0,24
2013,323,11,12,24
2013,324,11,1,24
2013,325,11,0,24
2013,326,11,0,24
2013,327,11,0,24
2013,328,11,12,24
2013,329,11,77,24
2013,330,11,58,24
2013,331,11,73,24
2013,332,11,86,24
2013,333,11,129,24
2013,334,11,24,24
2013,335,12,56,24
2013,336,12,83,24
2013,337,12,100,24
2013,338,12,85,24
2013,339,12,102,24
2013,340,12,222,24
2013,341,12,377,24
2013,342,12,117,24
2013,343,12,356,24
2013,344,12,246,24
2013,345,12,282,24
2013,346,12,279,24
2013,347,12,312,24
2013,348,12,297,24
2013,349,12,72,24
2013,350,12,217,24
2013,351,12,631,24
2013,352,12,794,24
2013,353,12,679,24
2013,354,12,942,24
2013,355,12,739,24
2013,356,12,250,24
2013,357,12,386,24
2013,358,12,1033,24
2013,359,12,728,24
2013,360,12,601,24
2013,361,12,495,24
2013,362,12,540,24
2013,363,12,631,24
2013,364,12,424,24
2013,365,12,329,24
2014,1,1,182,24
2014,2,1,78,24
2014,3,1,123,24
2014,4,1,19,24
2014,5,1,415,24
2014,6,1,216,24
2014,7,1,418,24
2014,8,1,215,24
2014,9,1,67,24
2014,10,1,209,24
2014,11,1,262,24
2014,12,1,350,24
2014,13,1,513,24
2014,14,1,1057,24
2014,15,1,697,24
2014,16,1,553,24
2014,17,1,290,24
2014,18,1,449,24
2014,19,1,350,24
2014,20,1,119,24
2014,21,1,70,24
2014,22,1,128,24
2014,23,1,103,24
2014,24,1,97,24
2014,25,1,2,24
2014,26,1,24,24
2014,27,1,62,24
2014,28,1,69,24
2014,29,1,81,24
2014,30,1,56,24
2014,31,1,27,24
2014,32,2,20,24
2014,33,2,0,24
2014,34,2,46,24
2014,35,2,0,24
2014,36,2,0,24
2014,37,2,0,23.6
2014,38,2,0,24
2014,39,2,0,24
2014,40,2,0,24
2014,41,2,0,24
2014,42,2,0,24
2014,43,2,0,24
2014,44,2,0,24
2014,45,2,88,24
2014,46,2,165,24
2014,47,2,161,24
2014,48,2,520,24
2014,49,2,630,24
2014,50,2,592,24
2014,51,2,203,24
2014,52,2,119,24
2014,53,2,447,24
2014,54,2,1142,24
2014,55,2,686,24
2014,56,2,845,24
2014,57,2,1286,24
2014,58,2,925,29.3
2014,59,2,47,20.3
2014,60,3,78,21
2014,61,3,0,0
2014,62,3,0,0
2014,63,3,0,0
2014,64,3,0,0
2014,65,3,0,0
2014,66,3,0,0
2014,67,3,0,0
2014,68,3,0,0
2014,69,3,0,0
2014,70,3,0,0
2014,71,3,0,0
2014,72,3,0,0
2014,73,3,0,0
2014,74,3,0,0
2014,75,3,0,0
2014,76,3,0,0
2014,77,3,0,0
2014,78,3,0,0
2014,79,3,0,0
2014,80,3,0,0
2014,81,3,0,0
2014,82,3,0,0
2014,83,3,0,0
2014,84,3,0,0
2014,85,3,0,0
2014,86,3,0,0
2014,87,3,0,0
2014,88,3,0,0
2014,89,3,0,0
2014,90,3,0,0
2014,91,4,0,0
2014,92,4,0,0
2014,93,4,0,0
2014,94,4,0,0
2014,95,4,0,0
2014,96,4,0,0
2014,97,4,0,0
2014,98,4,0,0
2014,99,4,0,0
2014,100,4,0,0
2014,101,4,0,0
2014,102,4,0,0
2014,103,4,0,0
2014,104,4,0,0
2014,105,4,0,0
2014,106,4,0,0
2014,107,4,0,0
2014,108,4,0,0
2014,109,4,0,0
2014,110,4,0,0
2014,111,4,0,0
2014,112,4,0,0
2014,113,4,0,0
2014,114,4,0,0
2014,115,4,0,0
2014,116,4,0,0
2014,117,4,0,0
2014,118,4,0,0
2014,119,4,0,0
2014,120,4,0,0
2014,121,5,0,0
2014,122,5,0,0
2014,123,5,0,0
2014,124,5,0,0
2014,125,5,0,0
2014,126,5,0,0
2014,127,5,0,0
2014,128,5,0,0
2014,129,5,0,0
2014,130,5,0,0
2014,131,5,0,0
2014,132,5,0,0
2014,133,5,0,0
2014,134,5,0,0
2014,135,5,0,0
2014,136,5,0,0
2014,137,5,0,0
2014,138,5,0,0
2014,139,5,0,0
2014,140,5,0,0
2014,141,5,0,0
2014,142,5,0,0
2014,143,5,0,0
2014,144,5,0,0
2014,145,5,0,0
2014,146,5,0,0
2014,147,5,0,0
2014,148,5,0,0
2014,149,5,0,0
2014,150,5,0,0
2014,151,5,0,0
2014,152,6,0,0
2014,153,6,0,0
2014,154,6,0,0
2014,155,6,0,0
2014,156,6,0,0
2014,157,6,0,0
2014,158,6,0,0
2014,159,6,0,0
2014,160,6,0,0
2014,161,6,0,0
2014,162,6,0,0
2014,163,6,0,0
2014,164,6,0,0
2014,165,6,0,0
2014,166,6,0,0
2014,167,6,0,0
2014,168,6,0,0
2014,169,6,0,0
2014,170,6,0,0
2014,171,6,0,0
2014,172,6,0,0
2014,173,6,0,0
2014,174,6,0,0
2014,175,6,0,0
2014,176,6,0,0
2014,177,6,0,0
2014,178,6,0,0
2014,179,6,0,0
2014,180,6,0,0
2014,181,6,0,0
2014,182,7,0,0
2014,183,7,0,0
2014,184,7,0,0
2014,185,7,0,0
2014,186,7,0,0
2014,187,7,0,0
2014,188,7,0,0
2014,189,7,0,0
2014,190,7,0,0
2014,191,7,0,0
2014,192,7,0,0
2014,193,7,0,0
2014,194,7,0,0
2014,195,7,0,0
2014,196,7,0,0
2014,197,7,0,0
2014,198,7,0,0
2014,199,7,0,0
2014,200,7,0,0
2014,201,7,0,0
2014,202,7,0,0
2014,203,7,0,0
2014,204,7,0,0
2014,205,7,0,0
2014,206,7,0,0
2014,207,7,0,0
2014,208,7,0,0
2014,209,7,0,0
2014,210,7,0,0
2014,211,7,0,0
2014,212,7,0,0
2014,213,8,0,0
2014,214,8,0,0
2014,215,8,0,0
2014,216,8,0,0
2014,217,8,0,0
2014,218,8,0,0
2014,219,8,0,0
2014,220,8,0,0
2014,221,8,0,0
2014,222,8,0,0
2014,223,8,0,0
2014,224,8,0,0
2014,225,8,0,0
2014,226,8,0,0
2014,227,8,0,0
2014,228,8,0,0
2014,229,8,0,0
2014,230,8,0,0
2014,231,8,0,0
2014,232,8,0,0
2014,233,8,0,0
2014,234,8,0,0
2014,235,8,0,0
2014,236,8,0,0
2014,237,8,0,0
2014,238,8,0,0
2014,239,8,0,0
2014,240,8,0,0
2014,241,8,0,0
2014,242,8,0,0
2014,243,8,0,0
2014,244,9,0,0
2014,245,9,0,0
2014,246,9,0,0
2014,247,9,0,0
2014,248,9,0,0
2014,249,9,0,0
2014,250,9,0,0
2014,251,9,0,0
2014,252,9,0,0
2014,253,9,0,0
2014,254,9,0,0
2014,255,9,0,0
2014,256,9,0,0
2014,257,9,0,0
2014,258,9,0,0
2014,259,9,0,0
2014,260,9,0,0
2014,261,9,0,0
2014,262,9,0,0
2014,263,9,0,0
2014,264,9,0,0
2014,265,9,0,0
2014,266,9,0,0
2014,267,9,0,0
2014,268,9,0,0
2014,269,9,0,0
2014,270,9,0,0
2014,271,9,0,0
2014,272,9,0,0
2014,273,9,0,0
2014,274,10,0,0
2014,275,10,0,0
2014,276,10,0,0
2014,277,10,0,0
2014,278,10,0,0
2014,279,10,0,0
2014,280,10,0,0
2014,281,10,0,0
2014,282,10,0,0
2014,283,10,0,0
2014,284,10,0,0
2014,285,10,0,0
2014,286,10,0,0
2014,287,10,0,0
2014,288,10,0,0
2014,289,10,0,0
2014,290,10,0,0
2014,291,10,0,0
2014,292,10,0,0
2014,293,10,0,0
2014,294,10,0,0
2014,295,10,0,0
2014,296,10,0,0
2014,297,10,0,0
2014,298,10,0,0
2014,299,10,0,0
2014,300,10,0,0
2014,301,10,0,0
2014,302,10,0,0
2014,303,10,0,0
2014,304,10,0,0
2014,305,11,0,0
2014,306,11,0,0
2014,307,11,0,0
2014,308,11,0,0
2014,309,11,0,0
2014,310,11,0,0
2014,311,11,0,0
2014,312,11,0,0
2014,313,11,0,0
2014,314,11,0,0
2014,315,11,0,0
2014,316,11,0,0
2014,317,11,0,0
2014,318,11,0,0
2014,319,11,0,0
2014,320,11,0,0
2014,321,11,0,0
2014,322,11,0,0
2014,323,11,0,0
2014,324,11,0,0
2014,325,11,0,0
2014,326,11,0,0
2014,327,11,0,0
2014,328,11,0,0
2014,329,11,0,0
2014,330,11,0,0
2014,331,11,0,0
2014,332,11,0,0
2014,333,11,0,0
2014,334,11,0,0
2014,335,12,0,0
2014,336,12,0,0
2014,337,12,0,0
2014,338,12,0,0
2014,339,12,0,0
2014,340,12,0,0
2014,341,12,0,0
2014,342,12,0,0
2014,343,12,0,0
2014,344,12,0,0
2014,345,12,0,0
2014,346,12,0,0
2014,347,12,0,0
2014,348,12,0,0
2014,349,12,0,0
2014,350,12,0,0
2014,351,12,0,0
2014,352,12,0,0
2014,353,12,0,0
2014,354,12,0,0
2014,355,12,0,0
2014,356,12,0,0
2014,357,12,0,0
2014,358,12,0,0
2014,359,12,0,0
2014,360,12,0,0
2014,361,12,0,0
2014,362,12,0,0
2014,363,12,0,0
2014,364,12,0,0
2014,365,12,0,0