"","date","chl_large","chl_small","record_total_hrs","presence_total_hrs","mean_sst","whale_presence","presence_lead","month","year"
"1",2002-01-01,0.155656432614047,0.147784769535065,160.7,160.7,29.51984375,1,0.326015367727772,1,2002
"2",2002-01-09,NA,NA,182.2,59.4,28.9381770833334,0.326015367727772,0.317708333333333,1,2002
"3",2002-01-17,NA,NA,192,61,28.4213020833333,0.317708333333333,0.109375,1,2002
"4",2002-01-25,NA,NA,192,21,27.898828125,0.109375,0.00520833333333333,1,2002
"5",2002-02-02,0.171640489890118,NA,192,1,27.8680729166667,0.00520833333333333,0.0572916666666667,2,2002
"6",2002-02-10,0.161377566093105,NA,192,11,28.5001041666666,0.0572916666666667,0.0677083333333333,2,2002
"7",2002-02-18,0.123349564370289,0.102710633228223,192,13,28.876328125,0.0677083333333333,0.135416666666667,2,2002
"8",2002-02-26,0.119859264640928,0.10332286854585,192,26,28.8366927083333,0.135416666666667,0,2,2002
"9",2002-03-06,0.136349792733337,0.137155210971832,192,0,28.8396354166667,0,0.0312825860271116,3,2002
"10",2002-03-14,0.153065141031726,0.139114117870728,191.8,6,28.7693489583333,0.0312825860271116,0.0364583333333333,3,2002
"11",2002-03-22,0.122937804354089,NA,192,7,28.943515625,0.0364583333333333,0,3,2002
"12",2002-03-30,0.128669349683656,0.118178501725197,192,0,29.0867708333333,0,0,3,2002
"13",2002-04-07,0.106960016199284,0.0986872240900993,192,0,29.209765625,0,0,4,2002
"14",2002-04-15,0.133689176774662,0.106652824829022,192,0,29.3039322916667,0,0,4,2002
"15",2002-04-23,0.119386866945645,NA,192,0,29.2323177083333,0,0.0260416666666667,4,2002
"16",2002-05-01,0.114772041301125,0.100899843499064,192,5,29.1116666666667,0.0260416666666667,0.03125,5,2002
"17",2002-05-09,0.123646676695595,0.110371553649505,192,6,29.0780208333333,0.03125,0.0260416666666667,5,2002
"18",2002-05-17,0.116950416898394,0.113629161069791,192,5,28.90515625,0.0260416666666667,0.00520833333333333,5,2002
"19",2002-05-25,0.11667089825952,0.0895903321603934,192,1,28.9090885416667,0.00520833333333333,0,5,2002
"20",2002-06-02,0.149172302455671,0.067738451063633,192,0,28.4020833333333,0,0,6,2002
"21",2002-06-10,0.205040119484895,0.207053360839685,192,0,27.5854427083333,0,0.0416666666666667,6,2002
"22",2002-06-18,0.166086552595651,0.145192017157873,192,8,27.0758072916667,0.0416666666666667,0.261096605744125,6,2002
"23",2002-06-26,0.171673727765058,0.133607755104701,191.5,50,27.3055208333333,0.261096605744125,0.0162513542795233,6,2002
"24",2002-07-04,0.132367461919785,NA,184.6,3,27.4795572916667,0.0162513542795233,0,7,2002
"25",2002-07-12,0.145061576945914,0.130937599887451,175.4,0,27.3055208333333,0,0,7,2002
"26",2002-07-20,0.133512414569128,0.12875826160113,190.3,0,27.2295572916667,0,0,7,2002
"27",2002-07-28,0.183887490339703,0.164613199730714,192,0,27.2292447916667,0,0,7,2002
"28",2002-08-05,0.159333092677924,0.140014154215654,183.6,0,27.2015104166667,0,0,8,2002
"29",2002-08-13,0.136733212641307,NA,191.9,0,27.1605989583333,0,0,8,2002
"30",2002-08-21,0.207526224975785,NA,179,0,27.0849739583334,0,0.125,8,2002
"31",2002-08-29,0.224794442268243,0.148633638396859,192,24,27.2586458333333,0.125,0.494791666666667,8,2002
"32",2002-09-06,0.2152377349428,0.223023906350136,192,95,27.7701822916667,0.494791666666667,0.244791666666667,9,2002
"33",2002-09-14,0.141235149823702,0.147375196218491,192,47,27.941796875,0.244791666666667,0.0993676603432701,9,2002
"34",2002-09-22,0.164183600570064,NA,110.7,11,28.1501822916666,0.0993676603432701,0.442708333333333,9,2002
"35",2002-09-30,0.128313075881321,0.121834855526686,192,85,28.1738802083334,0.442708333333333,0.0364583333333333,9,2002
"36",2002-10-08,0.122955528837917,0.109689388424158,192,7,28.4483854166667,0.0364583333333333,0.307291666666667,10,2002
"37",2002-10-16,0.132454313803464,0.118479613214731,192,59,28.427578125,0.307291666666667,0.145833333333333,10,2002
"38",2002-10-24,0.139330027694989,0.147104483097792,192,28,28.6150520833333,0.145833333333333,0.215223097112861,10,2002
"39",2002-11-01,0.108614446382031,0.0969970139364402,190.5,41,28.4277604166667,0.215223097112861,0.0574112734864301,11,2002
"40",2002-11-09,0.159001836834623,0.154039946695169,191.6,11,28.5655208333333,0.0574112734864301,0.640625,11,2002
"41",2002-11-17,0.19353251400548,0.218961896995703,192,123,28.5964322916667,0.640625,0.234791889007471,11,2002
"42",2002-11-25,0.139971566386521,0.142028187712034,187.4,44,28.8676822916667,0.234791889007471,0.29718456725756,11,2002
"43",2002-12-03,0.142133169350299,0.144246554623048,191.8,57,29.1111979166667,0.29718456725756,0.505208333333333,12,2002
"44",2002-12-11,0.123004344861127,0.102927607794603,192,97,29.27203125,0.505208333333333,1,12,2002
"45",2002-12-19,0.0915694190632729,0.0767051627238591,192,192,29.00359375,1,0.966666666666667,12,2002
"46",2002-12-27,0.113937943548589,0.0891481687625249,120,116,28.7325,0.966666666666667,0.694742489270386,12,2002
"47",2003-01-01,0.15007891934365,0.107995577156544,186.4,129.5,28.6777604166667,0.694742489270386,0.806111696522655,1,2003
"48",2003-01-09,0.120210277330544,0.09729444856445,189.8,153,28.6188541666667,0.806111696522655,0.908141962421712,1,2003
"49",2003-01-17,0.135966656160437,0.121986627578735,191.6,174,28.4106510416667,0.908141962421712,0.536458333333333,1,2003
"50",2003-01-25,0.128312312066555,0.0952496938407421,192,103,28.6059114583333,0.536458333333333,0.0662617338487024,1,2003
"51",2003-02-02,0.12028151737607,0.11576796323061,181.1,12,28.7530729166667,0.0662617338487024,0.0625,2,2003
"52",2003-02-10,0.10042407280869,0.0882548751930396,192,12,29.4335416666667,0.0625,0,2,2003
"53",2003-02-18,0.108207587412623,0.09518879900376,178.5,0,29.2904166666667,0,0.0416666666666667,2,2003
"54",2003-02-26,0.186212717369199,0.177019965648651,192,8,28.485703125,0.0416666666666667,0.03125,2,2003
"55",2003-03-06,0.109241975109196,0.0989266447722912,192,6,28.883515625,0.03125,0,3,2003
"56",2003-03-14,0.0998806069191131,0.0895994491875172,192,0,29.2052604166667,0,0,3,2003
"57",2003-03-22,0.0941242024095522,0.0791750053564707,191.5,0,29.8284635416667,0,0,3,2003
"58",2003-03-30,0.0930042621783084,0.0832770590980848,192,0,30.1591145833333,0,0,3,2003
"59",2003-04-07,0.0857646846166858,0.0774833721419175,192,0,29.9711458333333,0,0.010482180293501,4,2003
"60",2003-04-15,0.11888114673396,0.108939512322346,190.8,2,29.8651041666667,0.010482180293501,0.0104166666666667,4,2003
"61",2003-04-23,0.103062287678844,0.12249717861414,192,2,29.4561197916667,0.0104166666666667,0,4,2003
"62",2003-05-01,0.134084357814057,0.123555673907201,192,0,28.8103645833333,0,0,5,2003
"63",2003-05-09,0.13713331003156,0.116199317077796,192,0,28.7695833333333,0,0,5,2003
"64",2003-05-17,0.128684830230971,0.112870402634144,192,0,28.6398958333333,0,0,5,2003
"65",2003-05-25,0.152661213185638,0.138398930430412,192,0,28.0668489583333,0,0,5,2003
"66",2003-06-02,0.198434814603792,0.195931568741798,192,0,28.1183854166667,0,0,6,2003
"67",2003-06-10,0.15482166595757,0.137006362279256,192,0,28.303828125,0,0.405555555555556,6,2003
"68",2003-06-18,0.130839537311759,0.119816244890292,180,73,28.552578125,0.405555555555556,0.184307530279094,6,2003
"69",2003-06-26,0.132899870093052,0.131986456612746,189.9,35,28.952734375,0.184307530279094,0,6,2003
"70",2003-07-04,0.141115694234134,0.135034782191118,192,0,29.0475520833333,0,0,7,2003
"71",2003-07-12,0.160286646750238,0.126056209206581,192,0,28.6348958333333,0,0.0104166666666667,7,2003
"72",2003-07-20,0.176922958137261,0.141686710715294,192,2,28.2479166666667,0.0104166666666667,0,7,2003
"73",2003-07-28,0.123842367994004,0.130611356347799,192,0,28.1570052083333,0,0.0416666666666667,7,2003
"74",2003-08-05,0.146755807101727,NA,192,8,28.10609375,0.0416666666666667,0.0104166666666667,8,2003
"75",2003-08-13,0.13839453805445,0.112993275125821,192,2,27.786953125,0.0104166666666667,0,8,2003
"76",2003-08-21,0.147096267849621,0.125807000945012,191.3,0,27.7365625,0,0.00520833333333333,8,2003
"77",2003-08-29,0.188792160556962,0.156260659297307,192,1,27.5796875,0.00520833333333333,0.0159404888416578,8,2003
"78",2003-09-06,0.210825018196002,0.26116306334734,188.2,3,27.3276822916667,0.0159404888416578,0.0649350649350649,9,2003
"79",2003-09-14,0.252602194953296,0.237677596509457,184.8,12,27.4156510416667,0.0649350649350649,0,9,2003
"80",2003-09-22,0.22324584112052,0.23663292825222,192,0,27.7273697916667,0,0,9,2003
"81",2003-09-30,0.191764925037407,0.168231817583243,192,0,27.9013802083333,0,0.0520833333333333,9,2003
"82",2003-10-08,0.180265794249458,0.163360526164373,192,10,28.2605729166667,0.0520833333333333,0.00520833333333333,10,2003
"83",2003-10-16,0.145138392121428,0.136460147798061,192,1,28.50140625,0.00520833333333333,0.0520833333333333,10,2003
"84",2003-10-24,0.157081600438271,0.149616861343384,192,10,28.2495833333334,0.0520833333333333,0.13561320754717,10,2003
"85",2003-11-01,0.190475513123804,0.191766684254011,169.6,23,28.254609375,0.13561320754717,0.348958333333333,11,2003
"86",2003-11-09,0.186672937556885,0.209842930237452,192,67,28.2543489583333,0.348958333333333,0.35509138381201,11,2003
"87",2003-11-17,0.178557792161074,0.18159286181132,191.5,68,28.2718229166667,0.35509138381201,0.354122621564482,11,2003
"88",2003-11-25,0.190248000332051,0.187021094063918,189.2,67,28.471484375,0.354122621564482,0.532359081419624,11,2003
"89",2003-12-03,0.19779518339783,0.195502740641435,191.6,102,28.826796875,0.532359081419624,0.932291666666667,12,2003
"90",2003-12-11,0.191036852594051,0.196268456677596,192,179,29.100390625,0.932291666666667,0.776041666666667,12,2003
"91",2003-12-19,0.186946100327704,0.150435704737902,192,149,28.1942447916667,0.776041666666667,0.651629072681704,12,2003
"92",2003-12-27,0.216788232743323,0.226607563594977,119.7,78,28.099125,0.651629072681704,1,12,2003
"93",2004-01-01,0.207006519142952,0.238756654163202,191.4,191.4,28.655546875,1,0.99009900990099,1,2004
"94",2004-01-09,0.19459091571884,0.19202350328366,191.9,190,29.1732291666667,0.99009900990099,0.959715639810427,1,2004
"95",2004-01-17,0.185709894013902,0.162200249731541,126.6,121.5,29.00359375,0.959715639810427,0.635416666666667,1,2004
"96",2004-01-25,0.166880265875182,0.151478379964828,192,122,29.0729166666667,0.635416666666667,0,1,2004
"97",2004-02-02,0.214036804637802,0.193691703180472,191.9,0,28.695,0,0.0364583333333333,2,2004
"98",2004-02-10,0.153935200867862,0.122022370497386,192,7,28.3999479166667,0.0364583333333333,0.0364741641337386,2,2004
"99",2004-02-18,0.184758901389109,0.165451737741629,164.5,6,28.380859375,0.0364741641337386,0.0208333333333333,2,2004
"100",2004-02-26,0.204385065896945,0.187063795824846,192,4,28.4300520833333,0.0208333333333333,0.0189513581806696,2,2004
"101",2004-03-05,0.214168278189997,0.234259816507498,158.3,3,28.74515625,0.0189513581806696,0.0260416666666667,3,2004
"102",2004-03-13,0.189917710816695,0.182662909229596,192,5,28.5836979166667,0.0260416666666667,0,3,2004
"103",2004-03-21,0.174764164619976,0.161244012415409,192,0,29.108125,0,0.0260416666666667,3,2004
"104",2004-03-29,0.146532436367124,0.142093819876512,192,5,29.4742447916666,0.0260416666666667,0.00520833333333333,3,2004
"105",2004-04-06,0.145457234699279,0.133940863112609,192,1,29.8118489583333,0.00520833333333333,0,4,2004
"106",2004-04-14,0.134008106309921,0.129290076593558,187.2,0,29.9096614583333,0,0,4,2004
"107",2004-04-22,0.146847016488512,0.143174904088179,191.3,0,29.4484635416667,0,0,4,2004
"108",2004-04-30,0.130539752731595,0.130007815857728,191.9,0,28.1405729166667,0,0,4,2004
"109",2004-05-08,0.206301444830994,0.187061314781507,192,0,27.8382291666667,0,0.00520833333333333,5,2004
"110",2004-05-16,0.19671991146687,0.179927075902621,192,1,27.9862760416667,0.00520833333333333,0.00520833333333333,5,2004
"111",2004-05-24,0.177449466350178,0.176144962509473,192,1,28.2717708333333,0.00520833333333333,0,5,2004
"112",2004-06-01,0.196718539318277,0.178708376983802,192,0,27.7868229166667,0,0.0104166666666667,6,2004
"113",2004-06-09,0.242530636647914,0.213242625196775,192,2,27.2434375,0.0104166666666667,0,6,2004
"114",2004-06-17,0.250974900628391,0.170910795529683,191.8,0,27.0535416666667,0,0,6,2004
"115",2004-06-25,0.175991098965622,0.159283923606078,192,0,26.83875,0,0,6,2004
"116",2004-07-03,0.168682042509317,0.133816325416168,166.3,0,27.243828125,0,NA,7,2004
"117",2004-07-11,0.150027603376657,0.138154608507951,73.7,1,27.5941145833333,NA,NA,7,2004
"118",2004-07-19,0.158917447913894,0.144667357206345,0,0,27.6586979166667,NA,NA,7,2004
"119",2004-07-27,0.153530707797752,0.136166326701641,0,0,27.376484375,NA,NA,7,2004
"120",2004-08-04,0.177591554030324,0.150680847465992,0,0,27.1363541666667,NA,NA,8,2004
"121",2004-08-12,0.242988734499172,0.248655291895072,0,0,26.8050520833333,NA,NA,8,2004
"122",2004-08-20,0.214040388094468,0.201278326412042,0,0,26.7604166666667,NA,NA,8,2004
"123",2004-08-28,0.249619208897154,0.29451214770476,0,0,26.5182552083333,NA,NA,8,2004
"124",2004-09-05,0.257484265310424,0.284023438890775,0,0,26.7546354166667,NA,NA,9,2004
"125",2004-09-13,0.185562710224212,0.148832673827807,37.7,16,27.2529947916667,NA,0.229166666666667,9,2004
"126",2004-09-21,0.151533716338144,0.137729187806447,192,44,27.8154427083333,0.229166666666667,0,9,2004
"127",2004-09-29,0.12383335797737,0.101785480976105,192,0,27.8984895833333,0,0.0104931794333683,9,2004
"128",2004-10-07,0.115417053871271,0.0955124298731486,190.6,2,27.8553385416667,0.0104931794333683,0.291666666666667,10,2004
"129",2004-10-15,0.134852832568617,0.117229290306568,192,56,27.8073958333333,0.291666666666667,0.0520833333333333,10,2004
"130",2004-10-23,0.131916049867868,0.120065889010827,192,10,28.1825520833333,0.0520833333333333,0.0628601361969618,10,2004
"131",2004-10-31,0.185567268273897,0.168695891896884,190.9,12,28.3000520833333,0.0628601361969618,0.00520833333333333,10,2004
"132",2004-11-08,0.208358666345255,0.227728652457396,192,1,28.1924479166667,0.00520833333333333,0.0576217915138816,11,2004
"133",2004-11-16,0.207287947058678,0.205529195566972,190.9,11,28.11421875,0.0576217915138816,0,11,2004
"134",2004-11-24,0.227489931495873,0.199599069853624,191.7,0,27.99078125,0,0,11,2004
"135",2004-12-02,0.193852853754328,0.18078758319219,192,0,28.2640885416667,0,0.0520833333333333,12,2004
"136",2004-12-10,0.195985259084435,0.171822843452295,192,10,28.51421875,0.0520833333333333,0.276041666666667,12,2004
"137",2004-12-18,0.159385139100692,0.1727185100317,192,53,28.3212239583333,0.276041666666667,0.201388888888889,12,2004
"138",2004-12-26,0.263419184212883,0.253961955507596,144,29,28.1458333333333,0.201388888888889,0.125,12,2004
"139",2005-01-01,0.247945293140926,0.318376714984576,192,24,28.4044010416667,0.125,0.015625,1,2005
"140",2005-01-09,0.268406275452839,0.289296756188075,192,3,28.9820572916667,0.015625,0.270833333333333,1,2005
"141",2005-01-17,0.196104678564838,0.164184185365836,192,52,29.6574479166667,0.270833333333333,0.625,1,2005
"142",2005-01-25,0.216738879908713,0.266021871566772,192,120,29.101171875,0.625,0.375,1,2005
"143",2005-02-02,0.212796270019478,0.210151689747969,192,72,28.7115364583333,0.375,0.177083333333333,2,2005
"144",2005-02-10,0.183100553169366,0.185234554111958,192,34,28.29390625,0.177083333333333,0.828125,2,2005
"145",2005-02-18,0.154911605864763,0.183232029279073,192,159,29.0096614583334,0.828125,0.911458333333333,2,2005
"146",2005-02-26,0.131081685527331,0.130344248066346,192,175,29.9595052083333,0.911458333333333,0.947916666666667,2,2005
"147",2005-03-06,0.117712375863145,0.105887706081072,192,182,30.2531510416667,0.947916666666667,0.997389033942559,3,2005
"148",2005-03-14,0.138136068675316,0.123147901147604,191.5,191,29.9745833333333,0.997389033942559,0.936170212765957,3,2005
"149",2005-03-22,0.128854722767654,0.11484731733799,188,176,29.70875,0.936170212765957,0.867021276595745,3,2005
"150",2005-03-30,0.101581697662671,0.103001117706299,188,163,29.0972916666667,0.867021276595745,0.478723404255319,3,2005
"151",2005-04-07,0.130050955081566,0.108480588843425,188,90,29.8470572916667,0.478723404255319,0.212765957446809,4,2005
"152",2005-04-15,0.109567632639988,0.101498452325662,188,40,30.0283072916667,0.212765957446809,0.00531914893617021,4,2005
"153",2005-04-23,0.125195500373408,0.09527804205815,188,1,29.5355208333334,0.00531914893617021,0.00531914893617021,4,2005
"154",2005-05-01,0.187813211125987,0.172940656542778,188,1,29.029921875,0.00531914893617021,0.00543478260869565,5,2005
"155",2005-05-09,0.177215074602928,0.179837254186471,184,1,28.8794270833333,0.00543478260869565,0,5,2005
"156",2005-05-17,0.157579254593466,0.147732670108477,192,0,28.8008854166666,0,0.078125,5,2005
"157",2005-05-25,0.172506805876611,0.164916835725307,192,15,28.55359375,0.078125,0.106382978723404,5,2005
"158",2005-06-02,0.204817717480991,0.251305649677912,188,20,28.2023177083333,0.106382978723404,0.111111111111111,6,2005
"159",2005-06-10,0.21543285261232,0.17192304879427,180,20,27.70234375,0.111111111111111,0.668478260869565,6,2005
"160",2005-06-18,0.220864790506088,0.161768746376038,184,123,27.7656510416667,0.668478260869565,0.173913043478261,6,2005
"161",2005-06-26,0.185824810113344,0.151615334053834,184,32,27.645546875,0.173913043478261,0.104166666666667,6,2005
"162",2005-07-04,NA,NA,192,20,27.2784114583333,0.104166666666667,0.0372340425531915,7,2005
"163",2005-07-12,0.182401387772539,0.158250128229459,188,7,27.3870572916667,0.0372340425531915,0.0208333333333333,7,2005
"164",2005-07-20,0.18215865507308,0.159010618925095,192,4,27.4353125,0.0208333333333333,0.0380434782608696,7,2005
"165",2005-07-28,0.163239925354719,0.168647813796997,184,7,27.4034895833333,0.0380434782608696,0,7,2005
"166",2005-08-05,0.172532043164283,0.158853687345982,186.5,0,27.47296875,0,0.0163132137030995,8,2005
"167",2005-08-13,0.184306824838536,0.182303324341774,183.9,3,27.4272395833333,0.0163132137030995,0,8,2005
"168",2005-08-21,0.159288606498131,0.152931834260623,183.9,0,27.354765625,0,0.0729166666666667,8,2005
"169",2005-08-29,0.330484477678935,0.273361511528492,192,14,27.024375,0.0729166666666667,0.973404255319149,8,2005
"170",2005-09-06,0.168982750388669,0.140891661246618,188,183,27.596875,0.973404255319149,0.973958333333333,9,2005
"171",2005-09-14,0.143442406267342,0.131379428009192,192,187,27.92046875,0.973958333333333,1,9,2005
"172",2005-09-22,0.106584466838588,0.0918381959199905,188,188,28.0161458333333,1,0.9375,9,2005
"173",2005-09-30,0.189705309354597,0.173005012174447,192,180,27.884453125,0.9375,0.984375,9,2005
"174",2005-10-08,0.144135124463102,0.135771745194991,192,189,27.8507552083333,0.984375,0.994791666666667,10,2005
"175",2005-10-16,0.150156193523557,0.124424628913403,192,191,27.8063020833333,0.994791666666667,0.994788952579468,10,2005
"176",2005-10-24,0.198845873462657,0.178598870833715,191.9,190.9,27.7565364583333,0.994788952579468,0.869791666666667,10,2005
"177",2005-11-01,0.148455085605383,NA,192,167,27.5488020833333,0.869791666666667,0.369791666666667,11,2005
"178",2005-11-09,0.28862791063471,0.28193344672521,192,71,27.988515625,0.369791666666667,0.0625,11,2005
"179",2005-11-17,0.202801945826246,0.200927098592122,192,12,28.0063541666667,0.0625,0.0572916666666667,11,2005
"180",2005-11-25,0.19484637139572,0.190573006868362,192,11,28.2335677083334,0.0572916666666667,0.0208333333333333,11,2005
"181",2005-12-03,0.206010539726964,0.187749835352103,192,4,28.11609375,0.0208333333333333,0.0260416666666667,12,2005
"182",2005-12-11,0.238637978004085,0.249341291685899,192,5,27.87984375,0.0260416666666667,0.046972860125261,12,2005
"183",2005-12-19,0.21146664271752,0.221736249824365,191.6,9,27.6738020833333,0.046972860125261,0.0166666666666667,12,2005
"184",2005-12-27,0.257502951341517,0.324316610892614,120,2,27.302,0.0166666666666667,0.0634249471458774,12,2005
"185",2006-01-01,0.209078858551734,0.217149232824643,189.2,12,27.396171875,0.0634249471458774,0.135416666666667,1,2006
"186",2006-01-09,0.208910581862761,0.194607841471831,192,26,28.058515625,0.135416666666667,0.0260416666666667,1,2006
"187",2006-01-17,0.206883134216898,0.16892633587122,192,5,28.1552604166667,0.0260416666666667,0.0364583333333333,1,2006
"188",2006-01-25,0.224703135219083,0.236036494374275,192,7,28.30609375,0.0364583333333333,0.0804721030042918,1,2006
"189",2006-02-02,0.145984627823863,0.137836943070094,186.4,15,28.6240104166667,0.0804721030042918,0.412751677852349,2,2006
"190",2006-02-10,0.145929535436961,0.124172434210777,178.8,73.8,29.0417447916667,0.412751677852349,0.0208333333333333,2,2006
"191",2006-02-18,0.113672966521014,0.114895205944777,192,4,28.9120052083334,0.0208333333333333,0.0208333333333333,2,2006
"192",2006-02-26,0.148879482824769,0.141444765031338,192,4,29.0139583333333,0.0208333333333333,0,2,2006
"193",2006-03-06,0.119511191713643,0.113463199386994,192,0,29.36421875,0,0.0104166666666667,3,2006
"194",2006-03-14,0.106758234436279,0.0970831227799257,192,2,29.14421875,0.0104166666666667,0,3,2006
"195",2006-03-22,0.120312645876159,0.107578518489997,192,0,29.30671875,0,0.00520833333333333,3,2006
"196",2006-03-30,0.114779654372897,0.0983646350602309,192,1,29.451484375,0.00520833333333333,0,3,2006
"197",2006-04-07,0.142796140112397,0.148736250897249,192,0,29.25703125,0,0,4,2006
"198",2006-04-15,0.14730199928292,0.138712907830874,192,0,29.095625,0,0.00520833333333333,4,2006
"199",2006-04-23,0.139433583762083,0.118888811518749,192,1,29.1512239583333,0.00520833333333333,0,4,2006
"200",2006-05-01,0.150245763102753,0.144219167530537,188,0,28.95390625,0,NA,5,2006
"201",2006-05-09,0.160133196092728,0.157139415542285,35.1,0,28.7662239583333,NA,NA,5,2006
"202",2006-05-17,0.183403106820252,0.163506026069323,0,0,28.0172916666667,NA,NA,5,2006
"203",2006-05-25,0.230036392601,0.218557275831699,0,0,27.098359375,NA,NA,5,2006
"204",2006-06-02,0.234749558588697,0.214821800589561,0,0,26.7437760416667,NA,NA,6,2006
"205",2006-06-10,0.201162966921574,0.172705476482709,0,0,27.5874739583333,NA,NA,6,2006
"206",2006-06-18,0.168403701753252,0.156068896253904,0,0,28.1641145833333,NA,NA,6,2006
"207",2006-06-26,0.111580667154091,NA,0,0,28.129375,NA,NA,6,2006
"208",2006-07-04,0.147563918065416,0.127379221220811,0,0,27.81328125,NA,NA,7,2006
"209",2006-07-12,0.148663169963078,0.137528357406457,0,0,27.7332291666667,NA,NA,7,2006
"210",2006-07-20,0.149627949860129,0.122922215610743,19.9,0,27.7402864583333,NA,0.0212765957446809,7,2006
"211",2006-07-28,0.183363356420563,0.168964887658755,188,4,27.7995052083333,0.0212765957446809,0.15625,7,2006
"212",2006-08-05,0.172874025069177,0.15926772604386,192,30,27.8302604166667,0.15625,0.197916666666667,8,2006
"213",2006-08-13,0.198760562860374,0.1950632010897,192,38,27.670546875,0.197916666666667,0.466292134831461,8,2006
"214",2006-08-21,0.142726995698784,0.194630399346352,178,83,27.8926302083333,0.466292134831461,0.635416666666667,8,2006
"215",2006-08-29,0.157085985634006,0.13438206911087,192,122,27.914296875,0.635416666666667,0.411111111111111,8,2006
"216",2006-09-06,0.141293670830688,0.132376997172832,180,74,28.030390625,0.411111111111111,0.99457111834962,9,2006
"217",2006-09-14,0.142450155069431,0.119969838609298,184.2,183.2,28.1698958333333,0.99457111834962,0.437706725468578,9,2006
"218",2006-09-22,0.135620106975515,0.0916056198378404,181.4,79.4,28.4961979166667,0.437706725468578,0.0968262506724045,9,2006
"219",2006-09-30,0.106122025288641,0.0893289285401503,185.9,18,28.789609375,0.0968262506724045,0.0398179749715586,9,2006
"220",2006-10-08,0.101055221683863,0.0826436206698418,175.8,7,28.98375,0.0398179749715586,NA,10,2006
"221",2006-10-16,0.112659205941276,0.0968293982247512,14.4,14.4,28.958984375,NA,NA,10,2006
"222",2006-10-24,0.116688596239934,0.103311777114868,0,0,29.1758072916667,NA,NA,10,2006
"223",2006-11-01,0.117701816678672,0.0842575902740161,0,0,29.3485416666667,NA,NA,11,2006
"224",2006-11-09,0.0973245909489277,0.0801777107020219,0,0,29.27609375,NA,NA,11,2006
"225",2006-11-17,0.123440384540869,0.0910675972700119,0,0,29.0996614583333,NA,NA,11,2006
"226",2006-11-25,0.126646078605619,0.119082409888506,0,0,29.0846875,NA,NA,11,2006
"227",2006-12-03,0.0999867787791623,0.0855297682185968,0,0,29.299375,NA,NA,12,2006
"228",2006-12-11,0.0903023362159729,NA,0,0,28.7476302083334,NA,NA,12,2006
"229",2006-12-19,0.133382270457568,0.123647764325142,0,0,28.8722395833334,NA,NA,12,2006
"230",2006-12-27,0.115697377464837,0.117526618142923,0,0,29.0592916666667,NA,NA,12,2006
"231",2007-01-01,0.149769956039058,0.143041028330723,0,0,28.7536979166667,NA,NA,1,2007
"232",2007-01-09,0.13822166038345,0.134400844573975,0,0,29.14078125,NA,NA,1,2007
"233",2007-01-17,0.123907101547552,0.11370716119806,0,0,29.2688020833333,NA,NA,1,2007
"234",2007-01-25,0.145715879690316,0.130276273936033,0,0,28.9584895833333,NA,NA,1,2007
"235",2007-02-02,0.119857150802596,0.110318522900343,0,0,29.23375,NA,NA,2,2007
"236",2007-02-10,0.134676957818178,0.130042564123869,0,0,29.0737760416667,NA,NA,2,2007
"237",2007-02-18,0.114406413636928,NA,0,0,29.176875,NA,NA,2,2007
"238",2007-02-26,0.113265662298848,0.106826297938824,0,0,28.91140625,NA,NA,2,2007
"239",2007-03-06,0.112182954171052,0.10107887412111,0,0,29.0551822916667,NA,NA,3,2007
"240",2007-03-14,0.113254831276006,0.102242813756069,0,0,29.3788020833333,NA,NA,3,2007
"241",2007-03-22,0.112287617857671,0.103517569601536,0,0,29.28625,NA,NA,3,2007
"242",2007-03-30,0.131436855408053,0.103509114434322,0,0,28.8612760416667,NA,NA,3,2007
"243",2007-04-07,0.136260743925555,0.116771224886179,0,0,29.0022395833333,NA,NA,4,2007
"244",2007-04-15,0.141486779114025,0.133729130029678,0,0,29.2659375,NA,NA,4,2007
"245",2007-04-23,0.134487866786205,0.126800524691741,0,0,29.5819010416667,NA,NA,4,2007
"246",2007-05-01,0.137805030732933,0.13409369935592,0,0,29.4385677083333,NA,NA,5,2007
"247",2007-05-09,0.153157450036326,0.141152136027813,0,0,29.1060416666666,NA,NA,5,2007
"248",2007-05-17,0.150076859009763,0.130496857066949,0,0,28.5809895833333,NA,NA,5,2007
"249",2007-05-25,0.146369771367603,0.126870793600877,0,0,28.4767447916667,NA,NA,5,2007
"250",2007-06-02,0.162699509877712,0.131573842217525,0,0,28.523828125,NA,NA,6,2007
"251",2007-06-10,0.130843756030555,0.138283355782429,0,0,28.3809114583333,NA,NA,6,2007
"252",2007-06-18,0.146653693354299,0.135821253061295,0,0,28.3059375,NA,NA,6,2007
"253",2007-06-26,0.150568910367121,0.131488745411237,0,0,28.0757291666667,NA,NA,6,2007
"254",2007-07-04,0.187620040029287,0.156594151258469,0,0,27.897265625,NA,NA,7,2007
"255",2007-07-12,0.213578716811971,0.178654263416926,0,0,27.6955208333334,NA,NA,7,2007
"256",2007-07-20,0.160027285261701,0.13537726799647,0,0,27.6492708333333,NA,NA,7,2007
"257",2007-07-28,0.168169819439451,0.145786173641682,0,0,26.9601302083333,NA,NA,7,2007
"258",2007-08-05,0.251326525716909,0.205863639712334,0,0,27.4342708333333,NA,NA,8,2007
"259",2007-08-13,0.167273745305471,0.117916920532783,0,0,27.9148697916667,NA,NA,8,2007
"260",2007-08-21,0.223921875868525,NA,0,0,27.807421875,NA,NA,8,2007
"261",2007-08-29,0.143415695056319,0.118470052878062,0,0,28.076796875,NA,NA,8,2007
"262",2007-09-06,0.12339200728706,0.114784184098244,0,0,27.8997916666667,NA,NA,9,2007
"263",2007-09-14,0.133260679547675,0.10333484535416,0,0,28.023359375,NA,NA,9,2007
"264",2007-09-22,0.171478299971889,0.143073131640752,0,0,27.8962239583333,NA,NA,9,2007
"265",2007-09-30,0.131503562167497,0.142922536780437,0,0,28.0095572916667,NA,NA,9,2007
"266",2007-10-08,0.111981003106955,0.0907661976913611,0,0,28.2366666666667,NA,0.00714285714285714,10,2007
"267",2007-10-16,0.107511474171302,0.0920442106823127,140,1,28.41578125,0.00714285714285714,0.0488400488400488,10,2007
"268",2007-10-24,0.100420130603015,0.0852962943414847,163.8,8,28.3389583333333,0.0488400488400488,0.171875,10,2007
"269",2007-11-01,0.127186201834421,0.112991940230131,192,33,28.6855729166667,0.171875,0.3125,11,2007
"270",2007-11-09,0.105903621103901,0.106096246590217,192,60,29.067890625,0.3125,0.175531914893617,11,2007
"271",2007-11-17,0.16135066515262,0.152849599719048,188,33,28.5078385416667,0.175531914893617,0.619565217391304,11,2007
"272",2007-11-25,0.139838971197605,0.132785441974799,184,114,28.172890625,0.619565217391304,0.828142380422692,11,2007
"273",2007-12-03,0.146016857681834,0.126848346243302,179.8,148.9,28.1869791666667,0.828142380422692,0.973958333333333,12,2007
"274",2007-12-11,0.139835619592461,0.133299479881922,192,187,27.834609375,0.973958333333333,0.99468085106383,12,2007
"275",2007-12-19,0.133441535290331,0.11430241415898,188,187,27.9372395833333,0.99468085106383,0.681034482758621,12,2007
"276",2007-12-27,0.117430755055287,0.0919745564460754,116,79,28.2580833333334,0.681034482758621,0.489583333333333,12,2007
"277",2008-01-01,0.11221095909261,0.100380423168341,192,94,28.89578125,0.489583333333333,0.229166666666667,1,2008
"278",2008-01-09,0.116042964419143,0.100790268431107,192,44,29.5632291666667,0.229166666666667,0.0416666666666667,1,2008
"279",2008-01-17,0.14393297138054,0.132266158858935,192,8,29.292265625,0.0416666666666667,0.418478260869565,1,2008
"280",2008-01-25,NA,NA,184,77,28.649140625,0.418478260869565,0.211935303959844,1,2008
"281",2008-02-02,NA,NA,179.3,38,28.1884114583333,0.211935303959844,0.0108695652173913,2,2008
"282",2008-02-10,0.101249579133259,0.0864618122577667,184,2,28.42796875,0.0108695652173913,0.138888888888889,2,2008
"283",2008-02-18,0.0924319909282134,0.0769225719074408,180,25,28.45640625,0.138888888888889,0.1,2,2008
"284",2008-02-26,0.144767186641693,0.159201299150785,180,18,28.3109375,0.1,0.0166666666666667,2,2008
"285",2008-03-05,0.111011918841137,0.0938794054090977,180,3,28.3676302083333,0.0166666666666667,0,3,2008
"286",2008-03-13,0.103939378862841,NA,184,0,28.3989583333333,0,0,3,2008
"287",2008-03-21,0.114892357248156,0.119162814070781,180,0,28.810390625,0,0,3,2008
"288",2008-03-29,0.0979442249259187,0.0884082118670146,184,0,28.9094010416667,0,0,3,2008
"289",2008-04-06,0.104355239930252,0.0868646167218685,184,0,28.9404947916667,0,NA,4,2008
"290",2008-04-14,0.104143586837583,0.0824763067066669,76.5,0,28.968359375,NA,0,4,2008
"291",2008-04-22,0.128619068353954,0.127845549335082,116,0,28.8651822916667,0,0.0706521739130435,4,2008
"292",2008-04-30,0.124565877951682,0.111083500087261,184,13,28.96640625,0.0706521739130435,0,4,2008
"293",2008-05-08,0.159845580398622,0.144652515649796,188,0,28.613671875,0,0,5,2008
"294",2008-05-16,0.124746522141827,0.108446122457584,192,0,28.5426041666667,0,0.00543478260869565,5,2008
"295",2008-05-24,0.11622388029678,0.110981913904349,184,1,28.416484375,0.00543478260869565,0.179347826086957,5,2008
"296",2008-06-01,0.116593525597924,0.111283669248223,184,33,28.525078125,0.179347826086957,0,6,2008
"297",2008-06-09,0.121204116043791,0.117934895058473,184,0,28.4056770833333,0,0,6,2008
"298",2008-06-17,0.121613701339811,0.115186057984829,176,0,28.3593229166667,0,0,6,2008
"299",2008-06-25,0.136789965132872,NA,162.5,0,28.502109375,0,0.305555555555556,6,2008
"300",2008-07-03,0.0899558770508806,0.0794470769663652,180,55,28.4016145833333,0.305555555555556,0.283333333333333,7,2008
"301",2008-07-11,0.0858132436871529,0.0780808672308922,180,51,28.5004166666667,0.283333333333333,0,7,2008
"302",2008-07-19,0.0863124449239221,0.0689090564846992,147.9,0,28.5118229166667,0,0.579787234042553,7,2008
"303",2008-07-27,0.127974408022735,0.122528261194626,188,109,27.93578125,0.579787234042553,0.561111111111111,7,2008
"304",2008-08-04,0.137542096999559,0.18262159327666,180,101,27.8727083333333,0.561111111111111,0.116666666666667,8,2008
"305",2008-08-12,0.119614787037588,0.114445433020592,180,21,28.0780989583333,0.116666666666667,0.572222222222222,8,2008
"306",2008-08-20,0.131813334094154,0.143077646692594,180,103,27.9937760416667,0.572222222222222,0.170254403131115,8,2008
"307",2008-08-28,0.130478675205876,0.101797478894393,153.3,26.1,27.9572395833333,0.170254403131115,0.0597826086956522,8,2008
"308",2008-09-05,0.165345351315207,0.150732770562172,184,11,28.14921875,0.0597826086956522,0,9,2008
"309",2008-09-13,0.112510116253462,0.10223434989651,192,0,28.352109375,0,0,9,2008
"310",2008-09-21,0.110725046204987,0.0874144534269969,180,0,28.1938541666667,0,0.146739130434783,9,2008
"311",2008-09-29,NA,NA,184,27,28.1674739583333,0.146739130434783,0.238888888888889,9,2008
"312",2008-10-07,0.0971530135720968,0.0738321120540301,180,43,27.9969010416667,0.238888888888889,0.0159574468085106,10,2008
"313",2008-10-15,0.218960254039201,0.210963735977809,188,3,27.47375,0.0159574468085106,0,10,2008
"314",2008-10-23,0.227755384347963,0.214883109927177,156,0,27.9820833333333,0,0.0217391304347826,10,2008
"315",2008-10-31,0.231775581940181,0.258916241427263,184,4,28.3220833333333,0.0217391304347826,0.204545454545455,10,2008
"316",2008-11-08,0.204704033476966,0.196128534773986,176,36,28.4527604166667,0.204545454545455,0.05,11,2008
"317",2008-11-16,NA,NA,180,9,28.0434635416667,0.05,0.0222222222222222,11,2008
"318",2008-11-24,0.204933635826804,0.190593456228574,180,4,27.7831510416667,0.0222222222222222,0.0217391304347826,11,2008
"319",2008-12-02,0.185881171996395,0.179740985234578,184,4,28.1791927083333,0.0217391304347826,0.25,12,2008
"320",2008-12-10,0.201352549820311,0.168814522524675,176,44,28.40765625,0.25,0,12,2008
"321",2008-12-18,0.182599126516531,0.202418446540833,188,0,28.2897916666667,0,0.00694444444444444,12,2008
"322",2008-12-26,0.19431619428926,0.187582979599635,144,1,27.9930555555556,0.00694444444444444,0.00555555555555556,12,2008
"323",2009-01-01,0.226376871267954,0.214089835683505,180,1,27.9714583333333,0.00555555555555556,0.183333333333333,1,2009
"324",2009-01-09,0.131263851809005,0.113640079895655,180,33,28.4475,0.183333333333333,0.327777777777778,1,2009
"325",2009-01-17,0.130512566719618,0.111379654457172,180,59,28.3853385416667,0.327777777777778,0.880434782608696,1,2009
"326",2009-01-25,0.15952700759108,0.158612129092217,184,162,28.1824739583333,0.880434782608696,0.583333333333333,1,2009
"327",2009-02-02,0.127836274552262,0.0938350607951482,180,105,28.717890625,0.583333333333333,0.122222222222222,2,2009
"328",2009-02-10,0.131431268890285,0.114474162459373,180,22,28.8253385416667,0.122222222222222,0.0957446808510638,2,2009
"329",2009-02-18,0.136116515017218,0.116625068088373,188,18,28.4585416666667,0.0957446808510638,0.0722222222222222,2,2009
"330",2009-02-26,0.124170328202573,0.116411134600639,180,13,28.4077083333333,0.0722222222222222,0,2,2009
"331",2009-03-06,0.143627635565483,0.122854060182969,184,0,28.695,0,0.0111111111111111,3,2009
"332",2009-03-14,0.115409058725668,0.102661121636629,180,2,29.263828125,0.0111111111111111,0.15,3,2009
"333",2009-03-22,0.104021275416017,0.0847865926722686,180,27,29.6227604166667,0.15,0.201086956521739,3,2009
"334",2009-03-30,0.101013980184992,0.0822746890286605,184,37,29.3583333333333,0.201086956521739,0.347826086956522,3,2009
"335",2009-04-07,0.122924612058947,0.114327263087034,184,64,29.101953125,0.347826086956522,0.0738636363636364,4,2009
"336",2009-04-15,0.249227746286326,0.272569353381793,176,13,28.6913020833333,0.0738636363636364,0.0797872340425532,4,2009
"337",2009-04-23,0.14964835682056,0.146030083298683,188,15,29.0713541666667,0.0797872340425532,0.25,4,2009
"338",2009-05-01,0.119272788572643,0.109611497571071,180,45,28.8567708333333,0.25,0.0104166666666667,5,2009
"339",2009-05-09,0.110764522622857,0.100136209279299,192,2,28.778984375,0.0104166666666667,0,5,2009
"340",2009-05-17,0.119250598415318,0.101562617967526,192,0,28.572890625,0,0,5,2009
"341",2009-05-25,0.142091688146626,0.115722499787807,180,0,28.04953125,0,0.25414364640884,5,2009
"342",2009-06-02,0.163385503459722,0.153411507606506,181,46,27.650859375,0.25414364640884,0.864130434782609,6,2009
"343",2009-06-10,0.157703229640093,0.14626731723547,184,159,27.7228125,0.864130434782609,0.489773950484392,6,2009
"344",2009-06-18,0.153357195771403,0.139061833421389,185.8,91,27.7996614583333,0.489773950484392,0.0333333333333333,6,2009
"345",2009-06-26,0.138777863833454,0.124752589811881,180,6,27.7338541666667,0.0333333333333333,0,6,2009
"346",2009-07-04,0.133794255569228,0.1224370226264,184,0,27.73015625,0,0.00555555555555556,7,2009
"347",2009-07-12,0.170717441476882,0.148697644472122,180,1,27.3679947916667,0.00555555555555556,0.00555555555555556,7,2009
"348",2009-07-20,0.142967605963349,0.124804571270943,180,1,27.1403385416667,0.00555555555555556,0.0495049504950495,7,2009
"349",2009-07-28,0.142225627942632,0.135701944430669,181.8,9,27.2793229166667,0.0495049504950495,0.478723404255319,7,2009
"350",2009-08-05,0.135758316403048,0.121960118412971,188,90,27.5118229166667,0.478723404255319,0.25,8,2009
"351",2009-08-13,0.116609088816009,0.0993807141979535,188,47,27.6059635416667,0.25,0,8,2009
"352",2009-08-21,0.180980359928475,0.149450115859509,176,0,26.9711458333333,0,0.0106382978723404,8,2009
"353",2009-08-29,0.231184110045433,0.235346299906572,188,2,26.7839583333333,0.0106382978723404,0,8,2009
"354",2009-09-06,0.222236284160916,0.228472128510475,188,0,27.3836979166667,0,0,9,2009
"355",2009-09-14,0.21668313891816,0.223753961424033,180,0,27.9297916666667,0,0.130434782608696,9,2009
"356",2009-09-22,0.139684814235402,0.12220878029863,184,24,28.232265625,0.130434782608696,0.148936170212766,9,2009
"357",2009-09-30,0.15675242047644,0.17789351940155,188,28,28.3809635416666,0.148936170212766,0.227272727272727,9,2009
"358",2009-10-08,0.149930240896841,0.115803883721431,176,40,28.775078125,0.227272727272727,0.0597826086956522,10,2009
"359",2009-10-16,0.146571708739632,0.12775931879878,184,11,28.9143489583333,0.0597826086956522,0.288461538461538,10,2009
"360",2009-10-24,0.125014217448061,0.120447573562463,156,45,28.8599479166666,0.288461538461538,0.302405498281787,10,2009
"361",2009-11-01,0.178062854088702,0.192490273714066,145.5,44,28.1574479166667,0.302405498281787,0.961171228516868,11,2009
"362",2009-11-09,0.18150506824255,NA,157.1,151,27.8008333333333,0.961171228516868,0.706521739130435,11,2009
"363",2009-11-17,0.205209767840204,0.169024447600047,184,130,28.0833072916666,0.706521739130435,0.281914893617021,11,2009
"364",2009-11-25,0.165965306106955,0.134349837899208,188,53,28.758984375,0.281914893617021,0.845744680851064,11,2009
"365",2009-12-03,0.246712921187282,0.273479677736759,188,159,28.8672135416667,0.845744680851064,1,12,2009
"366",2009-12-11,0.180849736039009,0.171838290989399,192,192,28.9347395833333,1,1,12,2009
"367",2009-12-19,0.160490835205682,0.152879570921262,180,180,28.948515625,1,0.974137931034483,12,2009
"368",2009-12-27,0.21260732126236,0.194561483959357,116,113,28.5138333333333,0.974137931034483,0.659574468085106,12,2009
"369",2010-01-01,0.16616535790203,0.134358003735542,188,124,28.1144010416667,0.659574468085106,0.19262520638415,1,2010
"370",2010-01-09,0.147476661402513,0.125546050568422,181.7,35,28.3892447916667,0.19262520638415,0.207667731629393,1,2010
"371",2010-01-17,0.12582562465898,0.111048157513142,187.8,39,28.5547395833333,0.207667731629393,0.00520833333333333,1,2010
"372",2010-01-25,0.12193984634036,0.101267884174983,192,1,28.7685416666667,0.00520833333333333,0.145833333333333,1,2010
"373",2010-02-02,0.106431979375581,0.100473353018363,192,28,29.1202604166667,0.145833333333333,0.177083333333333,2,2010
"374",2010-02-10,0.119855305501099,0.106093443930149,192,34,29.2551041666667,0.177083333333333,0.588541666666667,2,2010
"375",2010-02-18,0.159453471856458,0.141352747877439,192,113,29.4569270833333,0.588541666666667,0.989583333333333,2,2010
"376",2010-02-26,0.132668900665724,0.106576508531968,192,190,29.5880208333333,0.989583333333333,0.432291666666667,2,2010
"377",2010-03-06,0.137085872081419,0.136307959755262,192,83,29.8205208333333,0.432291666666667,0.0109829763866008,3,2010
"378",2010-03-14,0.118900791897128,0.11268471305569,182.1,2,30.10078125,0.0109829763866008,0.0159829515183804,3,2010
"379",2010-03-22,0.110793604173212,0.109965085983276,187.7,3,30.07984375,0.0159829515183804,0.109375,3,2010
"380",2010-03-30,0.104427592518429,0.0828777253627777,192,21,30.267890625,0.109375,0.0104166666666667,3,2010
"381",2010-04-07,0.0991876559952895,0.0776835965613524,192,2,30.311796875,0.0104166666666667,0.00520833333333333,4,2010
"382",2010-04-15,0.122900540578283,0.106650066872438,192,1,29.813671875,0.00520833333333333,0.109375,4,2010
"383",2010-04-23,0.180541545463105,0.173924314479033,192,21,28.9554427083333,0.109375,NA,4,2010
"384",2010-05-01,0.173107859685267,0.169708860417207,48.4,30,28.6488020833333,NA,0.219546742209632,5,2010
"385",2010-05-09,0.232682613944504,0.237029669185479,141.2,31,28.6349739583334,0.219546742209632,0.171875,5,2010
"386",2010-05-17,0.191853976498048,0.176235422492027,192,33,28.2658333333333,0.171875,0.848958333333333,5,2010
"387",2010-05-25,0.246853142459359,0.20219444980224,192,163,28.094765625,0.848958333333333,0.5,5,2010
"388",2010-06-02,0.225799483341583,0.168532314399878,192,96,27.9929166666667,0.5,0.390828556539864,6,2010
"389",2010-06-10,0.201865216975825,0.209461716314157,191.9,75,28.1240625,0.390828556539864,0.0677083333333333,6,2010
"390",2010-06-18,0.229192400068948,0.158255015810331,192,13,28.0599479166667,0.0677083333333333,0.00520833333333333,6,2010
"391",2010-06-26,0.14331436327969,0.126738658795754,192,1,28.1467708333333,0.00520833333333333,0,6,2010
"392",2010-07-04,0.134328218073481,0.111859777321418,192,0,28.073515625,0,0,7,2010
"393",2010-07-12,0.146424180478789,0.167000249028206,192,0,27.8647395833333,0,0,7,2010
"394",2010-07-20,0.174172191570203,0.141899921000004,192,0,27.692109375,0,0,7,2010
"395",2010-07-28,0.148143992604067,0.135593218108018,192,0,28.044140625,0,0.0104166666666667,7,2010
"396",2010-08-05,0.116262965111269,0.113101946810881,192,2,28.019375,0.0104166666666667,0,8,2010
"397",2010-08-13,0.144462978576913,0.12658745298783,192,0,28.0437760416667,0,0.00520833333333333,8,2010
"398",2010-08-21,0.139342169557418,0.128726695974668,192,1,27.763125,0.00520833333333333,0,8,2010
"399",2010-08-29,0.103580713323835,0.0950530307988326,192,0,27.915625,0,0.208333333333333,8,2010
"400",2010-09-06,0.130664295330644,0.108379686872164,192,40,27.742265625,0.208333333333333,0.0572916666666667,9,2010
"401",2010-09-14,0.137632588841139,0.112773923575878,192,11,27.5986197916666,0.0572916666666667,0.0677083333333333,9,2010
"402",2010-09-22,0.128975115716457,NA,192,13,27.6322395833333,0.0677083333333333,0.135416666666667,9,2010
"403",2010-09-30,0.145073350341547,0.130901902914047,192,26,27.7430729166667,0.135416666666667,0.130208333333333,9,2010
"404",2010-10-08,0.109707769316932,0.0976655855774879,192,25,27.8714322916667,0.130208333333333,0.0572916666666667,10,2010
"405",2010-10-16,0.135166312743734,0.130398957679669,192,11,28.247890625,0.0572916666666667,0.177083333333333,10,2010
"406",2010-10-24,0.0975972779845591,0.0916573392848174,192,34,28.5701302083333,0.177083333333333,0.541666666666667,10,2010
"407",2010-11-01,0.119171174450053,0.0965940455595652,192,104,28.6181770833333,0.541666666666667,0.963541666666667,11,2010
"408",2010-11-09,0.142025308237529,0.13815634449323,192,185,28.7570572916667,0.963541666666667,0.953125,11,2010
"409",2010-11-17,0.131461618519906,0.0934452824294567,192,183,28.7185677083333,0.953125,0.802083333333333,11,2010
"410",2010-11-25,0.127118760254234,0.101202949881554,192,154,28.7283072916666,0.802083333333333,0.296875,11,2010
"411",2010-12-03,0.160195268897547,0.150593454639117,192,57,28.9115625,0.296875,0.015625,12,2010
"412",2010-12-11,0.160491596338236,0.147408979634444,192,3,28.3079166666666,0.015625,0.260416666666667,12,2010
"413",2010-12-19,0.180539724313551,0.17329457650582,192,50,27.5318229166667,0.260416666666667,0.00833333333333333,12,2010
"414",2010-12-27,0.155171837164637,0.156750870247682,120,1,27.2614583333333,0.00833333333333333,0.00520833333333333,12,2010
"415",2011-01-01,0.20261931926426,0.193362032373746,192,1,27.4329947916667,0.00520833333333333,0,1,2011
"416",2011-01-09,0.232923516058835,0.211425897975763,192,0,27.4807552083333,0,0,1,2011
"417",2011-01-17,0.312870196791159,0.270162080725034,192,0,27.67625,0,0,1,2011
"418",2011-01-25,0.386848017883797,0.388944461941719,192,0,27.7315104166667,0,0,1,2011
"419",2011-02-02,NA,NA,192,0,27.9588541666667,0,0,2,2011
"420",2011-02-10,0.186946011044913,0.181436819334825,192,0,28.5797916666667,0,0,2,2011
"421",2011-02-18,0.18514342714722,0.173076162735621,192,0,28.6421875,0,0,2,2011
"422",2011-02-26,0.17087928604492,0.17024335761865,192,0,28.5369270833333,0,0,2,2011
"423",2011-03-06,0.141604870818295,0.129246259729067,192,0,28.7249739583333,0,0,3,2011
"424",2011-03-14,0.156435348610911,0.149523024757703,192,0,28.77234375,0,0,3,2011
"425",2011-03-22,0.146949705719534,0.138994882504145,192,0,29.3894010416667,0,0,3,2011
"426",2011-03-30,0.135870242869104,0.135064954559008,192,0,29.1000520833333,0,0.0677083333333333,3,2011
"427",2011-04-07,0.127642209150104,0.122196802248557,192,13,28.931171875,0.0677083333333333,0.0364963503649635,4,2011
"428",2011-04-15,0.114410735925453,0.105246654401223,191.8,7,29.150390625,0.0364963503649635,0,4,2011
"429",2011-04-23,0.128887208075159,0.121931426227093,192,0,29.0985416666667,0,0,4,2011
"430",2011-05-01,0.131412135450156,0.124265593787034,192,0,28.8722135416667,0,0,5,2011
"431",2011-05-09,0.109024699415184,0.101177074015141,192,0,29.1130989583333,0,0,5,2011
"432",2011-05-17,0.0945156863373187,0.082178088525931,192,0,28.926015625,0,0,5,2011
"433",2011-05-25,0.112031916725553,0.102298715462287,192,0,28.5715364583333,0,0,5,2011
"434",2011-06-02,0.161004342018597,0.160460978746414,192,0,28.135078125,0,0.0208333333333333,6,2011
"435",2011-06-10,0.174540164570014,0.14638764411211,192,4,27.7005729166667,0.0208333333333333,0,6,2011
"436",2011-06-18,0.205360561609268,0.168189138174057,192,0,27.6815885416667,0,0.114130434782609,6,2011
"437",2011-06-26,0.211071793151938,0.163028337061405,184,21,27.654765625,0.114130434782609,0.260416666666667,6,2011
"438",2011-07-04,0.180288693405748,0.151913613080978,192,50,27.5945052083333,0.260416666666667,0.0416666666666667,7,2011
"439",2011-07-12,0.180163755702476,0.144604754944642,192,8,27.0060416666667,0.0416666666666667,0,7,2011
"440",2011-07-20,0.225526201703093,0.20020658771197,192,0,26.826015625,0,0.380208333333333,7,2011
"441",2011-07-28,0.178288528496133,0.181344535201788,192,73,27.0136979166667,0.380208333333333,0,7,2011
"442",2011-08-05,0.228437468301559,0.201209132870038,192,0,26.9350520833333,0,0.00520833333333333,8,2011
"443",2011-08-13,0.240543253074481,0.250772734483083,192,1,27.2299739583333,0.00520833333333333,0.135416666666667,8,2011
"444",2011-08-21,0.171635466420816,0.148011833429337,192,26,27.4686979166667,0.135416666666667,0.078125,8,2011
"445",2011-08-29,0.15768777518659,0.165091201663017,192,15,27.586484375,0.078125,0.00520833333333333,8,2011
"446",2011-09-06,0.138850348784511,0.110943377017975,192,1,27.860703125,0.00520833333333333,0.390625,9,2011
"447",2011-09-14,NA,NA,192,75,28.192890625,0.390625,0.328125,9,2011
"448",2011-09-22,0.155757474423457,0.120142384121815,192,63,28.2255208333333,0.328125,0.140625,9,2011
"449",2011-09-30,0.118760387863844,0.0860775522887707,192,27,28.14171875,0.140625,0.354166666666667,9,2011
"450",2011-10-08,0.130174294528034,0.116588169087966,192,68,28.3333854166667,0.354166666666667,0.239583333333333,10,2011
"451",2011-10-16,0.123178617045697,0.108320890615384,192,46,28.8218229166667,0.239583333333333,0.838541666666667,10,2011
"452",2011-10-24,0.106514280503418,0.0754530504345894,192,161,28.9350260416667,0.838541666666667,0.932291666666667,10,2011
"453",2011-11-01,0.0944641074165702,0.080286322782437,192,179,29.0225260416667,0.932291666666667,0.734375,11,2011
"454",2011-11-09,0.0977379363214615,0.0961434096097946,192,141,29.1368489583333,0.734375,0.927083333333333,11,2011
"455",2011-11-17,0.125760180966837,0.116883938511213,192,178,28.9599479166667,0.927083333333333,1,11,2011
"456",2011-11-25,0.135627433937043,0.127908192574978,192,192,28.8309114583333,1,1,11,2011
"457",2011-12-03,0.142465686477307,0.139139302074909,192,192,28.9997395833333,1,1,12,2011
"458",2011-12-11,0.107234745752066,0.0967705063521862,192,192,28.9476302083333,1,1,12,2011
"459",2011-12-19,0.117332313920705,0.0923174545168877,192,192,28.7341927083333,1,1,12,2011
"460",2011-12-27,NA,NA,120,120,28.0756666666667,1,1,12,2011
"461",2012-01-01,0.146169231754952,0.13365669734776,192,192,28.1484114583333,1,0.994708994708995,1,2012
"462",2012-01-09,0.148386578317042,0.138016328215599,189,188,27.9900260416667,0.994708994708995,0.993991416309013,1,2012
"463",2012-01-17,NA,NA,116.5,115.8,27.8804427083334,0.993991416309013,0.953125,1,2012
"464",2012-01-25,0.131831828504801,0.104091443121433,192,183,27.9163541666667,0.953125,0.494791666666667,1,2012
"465",2012-02-02,0.133547664817536,0.12781023234129,192,95,28.1288020833333,0.494791666666667,0.317708333333333,2,2012
"466",2012-02-10,0.1182068048252,0.105570532381535,192,61,28.3236458333334,0.317708333333333,0,2,2012
"467",2012-02-18,0.11786043925302,0.0880720093846321,192,0,27.9922916666667,0,0.0364583333333333,2,2012
"468",2012-02-26,0.146648009183506,0.145810934901237,192,7,28.1834114583333,0.0364583333333333,0.0625,2,2012
"469",2012-03-05,0.0991258099675179,NA,192,12,27.8586458333333,0.0625,0,3,2012
"470",2012-03-13,0.143927838128637,0.135138844450315,192,0,28.4284635416667,0,0.00520833333333333,3,2012
"471",2012-03-21,0.141268965063824,0.126107413321733,192,1,29.043984375,0.00520833333333333,0.00520833333333333,3,2012
"472",2012-03-29,0.138559536697964,0.126656737178564,192,1,29.2027864583333,0.00520833333333333,0,3,2012
"473",2012-04-06,0.145069267052089,0.122178399314483,192,0,29.3919270833333,0,0.0104166666666667,4,2012
"474",2012-04-14,0.147506658919156,0.124846530457338,192,2,29.7020572916667,0.0104166666666667,0.114583333333333,4,2012
"475",2012-04-22,0.142538809170157,NA,192,22,29.1266927083334,0.114583333333333,0.0364583333333333,4,2012
"476",2012-04-30,0.140863829089287,0.140129814545314,192,7,29.320390625,0.0364583333333333,0.416666666666667,4,2012
"477",2012-05-08,0.123124173544731,0.107829824090004,192,80,29.4179166666667,0.416666666666667,0.276041666666667,5,2012
"478",2012-05-16,0.106150765102226,0.0872579092780749,192,53,29.4861197916667,0.276041666666667,0.0364583333333333,5,2012
"479",2012-05-24,0.100994060328905,0.08555651952823,192,7,29.3902604166667,0.0364583333333333,0.0104166666666667,5,2012
"480",2012-06-01,0.130892309091859,NA,192,2,29.2303645833333,0.0104166666666667,0.0625,6,2012
"481",2012-06-09,0.168795350525114,NA,192,12,29.3069791666667,0.0625,0,6,2012
"482",2012-06-17,0.132423666184363,0.115202687680721,192,0,29.0759114583333,0,0,6,2012
"483",2012-06-25,0.107134859121981,NA,192,0,28.860390625,0,0.00520833333333333,6,2012
"484",2012-07-03,NA,NA,192,1,28.469765625,0.00520833333333333,0.03125,7,2012
"485",2012-07-11,0.111234583446513,0.101151220500469,192,6,28.8236197916667,0.03125,0.0364583333333333,7,2012
"486",2012-07-19,0.105321822432326,0.0774300619959831,192,7,28.5453645833333,0.0364583333333333,0,7,2012
"487",2012-07-27,0.0854393822479654,0.0698109132548173,192,0,28.222734375,0,0,7,2012
"488",2012-08-04,0.124693263928558,0.0945364907383919,192,0,28.1850520833333,0,0,8,2012
"489",2012-08-12,0.115355167570321,0.102385316044092,192,0,28.2508333333333,0,0.015625,8,2012
"490",2012-08-20,0.0870572728231365,0.077937613427639,192,3,28.574375,0.015625,0.015625,8,2012
"491",2012-08-28,0.0830390608559052,NA,192,3,28.498359375,0.015625,0.140625,8,2012
"492",2012-09-05,0.136087368242443,NA,192,27,28.5211197916667,0.140625,0.15625,9,2012
"493",2012-09-13,0.195263646543026,NA,192,30,28.518515625,0.15625,0.328125,9,2012
"494",2012-09-21,0.0832565951323698,0.074012964963913,192,63,28.5244010416667,0.328125,0.614583333333333,9,2012
"495",2012-09-29,0.101317762344513,0.108902487903833,192,118,28.5393489583333,0.614583333333333,0.510416666666667,9,2012
"496",2012-10-07,NA,NA,192,98,28.4846614583333,0.510416666666667,0.114583333333333,10,2012
"497",2012-10-15,0.113782510425137,0.0978565340240796,192,22,28.59375,0.114583333333333,0.223958333333333,10,2012
"498",2012-10-23,0.106596390523438,0.101103433718284,192,43,28.8864583333333,0.223958333333333,0.703125,10,2012
"499",2012-10-31,0.106592097452709,NA,192,135,28.8988802083333,0.703125,0.901041666666667,10,2012
"500",2012-11-08,0.155653226056269,NA,192,173,28.98296875,0.901041666666667,1,11,2012
"501",2012-11-16,0.113987205638772,0.0962054878473282,192,192,29.0469791666667,1,1,11,2012
"502",2012-11-24,0.0984598100185394,NA,192,192,28.808359375,1,1,11,2012
"503",2012-12-02,0.123730318689788,NA,192,192,28.7262760416667,1,1,12,2012
"504",2012-12-10,0.122266703809146,0.115677752842506,192,192,28.6675520833334,1,1,12,2012
"505",2012-12-18,0.135935072104136,0.110612291842699,192,192,28.320234375,1,1,12,2012
"506",2012-12-26,0.18010089209392,0.139630064368248,144,144,28.4175347222222,1,1,12,2012
"507",2013-01-01,0.161750754739484,0.182406400640806,192,192,28.4885416666667,1,1,1,2013
"508",2013-01-09,0.134617534354329,0.128446692600846,192,192,28.6056510416667,1,0.90625,1,2013
"509",2013-01-17,0.159361058444369,0.118654418736696,192,174,28.9309635416667,0.90625,0.604166666666667,1,2013
"510",2013-01-25,0.12920295975105,0.101316925138235,192,116,29.2412239583333,0.604166666666667,0.682291666666667,1,2013
"511",2013-02-02,0.122807660068457,0.0932779107242823,192,131,29.0571614583333,0.682291666666667,0.296875,2,2013
"512",2013-02-10,0.0936185245244008,NA,192,57,29.0837760416667,0.296875,0,2,2013
"513",2013-02-18,0.0995612018904486,0.0866092393795649,192,0,29.5719791666667,0,0.171875,2,2013
"514",2013-02-26,0.0971639127224341,0.101287459333738,192,33,29.0338541666667,0.171875,0.197916666666667,2,2013
"515",2013-03-06,0.104936097800318,0.101522661745548,192,38,29.2671354166667,0.197916666666667,0,3,2013
"516",2013-03-14,0.100418256169983,0.0937514826655388,192,0,29.8892708333333,0,0.0104166666666667,3,2013
"517",2013-03-22,0.0907360836863518,0.0788717257479827,192,2,29.8873177083333,0.0104166666666667,0.223958333333333,3,2013
"518",2013-03-30,0.172834470868111,0.144929721951485,192,43,29.3850260416667,0.223958333333333,0.151041666666667,3,2013
"519",2013-04-07,0.13645700464646,0.151665518681208,192,29,29.5459375,0.151041666666667,0.0625,4,2013
"520",2013-04-15,0.147551024643083,0.148165387411912,192,12,29.756015625,0.0625,0.703125,4,2013
"521",2013-04-23,0.146569172807393,0.143963471055031,192,135,29.5835416666667,0.703125,0.125,4,2013
"522",2013-05-01,0.176670180537083,0.175333040455977,192,24,28.9065885416667,0.125,0.0520833333333333,5,2013
"523",2013-05-09,0.170686794640301,0.16530795643727,192,10,28.4227864583334,0.0520833333333333,0.322916666666667,5,2013
"524",2013-05-17,0.195947633331849,0.204821753005187,192,62,28.4090364583334,0.322916666666667,0.473958333333333,5,2013
"525",2013-05-25,0.191861474783056,0.188346110284328,192,91,28.026796875,0.473958333333333,0.479166666666667,5,2013
"526",2013-06-02,0.231840326113904,0.211628024776777,192,92,27.810234375,0.479166666666667,0.989583333333333,6,2013
"527",2013-06-10,0.202980060440799,0.170918526748816,192,190,27.7894010416667,0.989583333333333,0.53125,6,2013
"528",2013-06-18,0.180677278283632,0.0986641123890877,192,102,27.7684114583333,0.53125,0.239583333333333,6,2013
"529",2013-06-26,0.120282970594637,0.106103837490082,192,46,27.9990104166666,0.239583333333333,0.15625,6,2013
"530",2013-07-04,0.132336188838178,0.122308554748694,192,30,27.9459375,0.15625,0,7,2013
"531",2013-07-12,0.12219462254279,0.111497133970261,192,0,27.8573697916666,0,0.00520833333333333,7,2013
"532",2013-07-20,0.126936065073866,0.114188127219677,192,1,27.82234375,0.00520833333333333,0,7,2013
"533",2013-07-28,0.136030055582523,NA,192,0,27.8999739583334,0,0,7,2013
"534",2013-08-05,0.0897636311975392,0.0871530026197433,192,0,27.98703125,0,0,8,2013
"535",2013-08-13,0.0942163621851553,0.0786628723144531,192,0,27.867890625,0,0,8,2013
"536",2013-08-21,0.0986979759062629,0.0796264087160428,192,0,27.5722395833333,0,0,8,2013
"537",2013-08-29,0.0956863448023796,NA,192,0,27.6742447916667,0,0.171875,8,2013
"538",2013-09-06,0.0913484456638495,NA,192,33,27.556171875,0.171875,0.00520833333333333,9,2013
"539",2013-09-14,0.0859041394044956,NA,192,1,27.6425520833333,0.00520833333333333,0.104166666666667,9,2013
"540",2013-09-22,0.139308532575766,0.0869851149618626,192,20,27.9723958333333,0.104166666666667,0.0677083333333333,9,2013
"541",2013-09-30,0.0978343619060689,0.0932225584983826,192,13,28.2874739583333,0.0677083333333333,0.71875,9,2013
"542",2013-10-08,0.0953483081112305,0.0972231954336166,192,138,28.3152083333333,0.71875,0.614583333333333,10,2013
"543",2013-10-16,0.143289828103864,0.138462575773398,192,118,28.3403125,0.614583333333333,0.546875,10,2013
"544",2013-10-24,0.123723657737518,0.134476289153099,192,105,28.5289322916667,0.546875,0.385416666666667,10,2013
"545",2013-11-01,0.112046340970617,0.124116130173206,192,74,28.4965885416667,0.385416666666667,0.0208333333333333,11,2013
"546",2013-11-09,0.11094932672991,0.106915526092052,192,4,28.8529166666667,0.0208333333333333,0.0416666666666667,11,2013
"547",2013-11-17,0.0943247340102163,0.086373516668876,192,8,29.0760416666667,0.0416666666666667,0.546875,11,2013
"548",2013-11-25,0.0865809074407365,0.0764183029532433,192,105,29.422578125,0.546875,0.75,11,2013
"549",2013-12-03,0.087635217274123,0.0917455504337947,192,144,29.2797135416667,0.75,0.828125,12,2013
"550",2013-12-11,0.12089373357594,NA,192,159,28.4882552083333,0.828125,0.96875,12,2013
"551",2013-12-19,0.215114077925682,NA,192,186,28.4062760416667,0.96875,0.958333333333333,12,2013
"552",2013-12-27,0.175632129885532,0.185309735437234,120,115,28.9599166666667,0.958333333333333,0.635416666666667,12,2013
"553",2014-01-01,0.140454221311517,0.12429457406203,192,122,29.0131510416667,0.635416666666667,0.848958333333333,1,2014
"554",2014-01-09,0.145102817068497,NA,192,163,28.8989322916667,0.848958333333333,0.546875,1,2014
"555",2014-01-17,0.0927815521647642,0.0765944346785545,192,105,29.4014322916666,0.546875,0.328125,1,2014
"556",2014-01-25,0.0805703696723168,0.0761118195950985,192,63,29.1260677083333,0.328125,0.0156576200417537,1,2014
"557",2014-02-02,0.110495366629154,0.0955307657519976,191.6,3,28.8827864583333,0.0156576200417537,0.375,2,2014
"558",2014-02-10,0.16495707737548,NA,192,72,28.83234375,0.375,0.911458333333333,2,2014
"559",2014-02-18,0.112588931899518,0.117280155420303,192,175,29.2020572916667,0.911458333333333,NA,2,2014
"560",2014-02-26,0.111378551488466,0.0951257360478242,89.3,61,29.398203125,NA,NA,2,2014
"561",2014-03-06,0.105307735665871,0.097538494815429,0,0,29.6802083333333,NA,NA,3,2014
"562",2014-03-14,0.120214415465792,0.0997046738862991,0,0,29.6054427083333,NA,NA,3,2014
"563",2014-03-22,0.0981321259237388,NA,0,0,29.3219010416667,NA,NA,3,2014
"564",2014-03-30,0.139881333292917,NA,0,0,29.1028125,NA,NA,3,2014
"565",2014-04-07,0.12238039897155,0.109004425505797,0,0,29.5135416666667,NA,NA,4,2014
"566",2014-04-15,0.108254520997514,0.0901042620340983,0,0,29.7598958333333,NA,NA,4,2014
"567",2014-04-23,0.107617422103368,0.0974107131361961,0,0,29.38125,NA,NA,4,2014
"568",2014-05-01,0.144557852401502,0.136260325709979,0,0,29.181796875,NA,NA,5,2014
"569",2014-05-09,0.135046688477612,0.121450549612443,0,0,29.2870833333333,NA,NA,5,2014
"570",2014-05-17,0.139570844980578,0.121193153162797,0,0,29.0374739583333,NA,NA,5,2014
"571",2014-05-25,0.154437173571852,NA,0,0,28.3742447916667,NA,NA,5,2014
"572",2014-06-02,0.219675909378566,0.23516084253788,0,0,27.949765625,NA,NA,6,2014
"573",2014-06-10,0.200231914764101,0.156143575906754,0,0,27.7329427083333,NA,NA,6,2014
"574",2014-06-18,0.236566688281064,0.201497587064902,0,0,27.7036197916667,NA,NA,6,2014
"575",2014-06-26,0.251648613753227,0.238586932420731,0,0,27.5738020833333,NA,NA,6,2014
"576",2014-07-04,0.13262745312282,NA,0,0,27.7153645833334,NA,NA,7,2014
"577",2014-07-12,0.151771473530375,0.119779855012894,0,0,27.2954427083333,NA,NA,7,2014
"578",2014-07-20,0.213657892487022,0.148059341311455,0,0,26.7915885416667,NA,NA,7,2014
"579",2014-07-28,0.218820716364909,0.189590081572533,0,0,26.4758854166667,NA,NA,7,2014
"580",2014-08-05,NA,NA,0,0,26.6887760416667,NA,NA,8,2014
"581",2014-08-13,0.127270322293043,NA,0,0,26.806171875,NA,NA,8,2014
"582",2014-08-21,0.174395799636841,NA,0,0,27.0854166666667,NA,NA,8,2014
"583",2014-08-29,0.155162465936355,0.119158774614334,0,0,27.6323697916667,NA,NA,8,2014
"584",2014-09-06,0.130620765499771,NA,0,0,28.0754947916667,NA,NA,9,2014
"585",2014-09-14,0.0884513463824987,NA,0,0,28.0494270833333,NA,NA,9,2014
"586",2014-09-22,0.0839721746742725,NA,0,0,28.1182552083333,NA,NA,9,2014
"587",2014-09-30,0.0935425317535798,NA,0,0,28.2753385416667,NA,NA,9,2014
"588",2014-10-08,0.0897870578936168,0.0923947617411613,0,0,28.0132291666667,NA,NA,10,2014
"589",2014-10-16,0.10387460649996,0.104444197068612,0,0,28.4647916666667,NA,NA,10,2014
"590",2014-10-24,0.106888423780952,0.0897070467472076,0,0,29.223125,NA,NA,10,2014
"591",2014-11-01,0.0950663976952539,0.0837288176019986,0,0,29.1481770833333,NA,NA,11,2014
"592",2014-11-09,0.134306128113723,0.132204903910557,0,0,28.6319010416667,NA,NA,11,2014
"593",2014-11-17,0.132061948494394,0.115557160228491,0,0,28.4219270833333,NA,NA,11,2014
"594",2014-11-25,0.149482072545932,0.12773331378897,0,0,28.7536458333333,NA,NA,11,2014
"595",2014-12-03,0.160532801360306,0.145570665597916,0,0,29.1189322916667,NA,NA,12,2014
"596",2014-12-11,0.149411509466636,0.136814501136541,0,0,28.9643489583333,NA,NA,12,2014
"597",2014-12-19,0.20680815577507,NA,0,0,28.690234375,NA,NA,12,2014
"598",2014-12-27,0.162409521639347,NA,0,0,NA,NA,NA,12,2014
